pixel_id,patch_id,x_km,y_km,block,B2,B3,B4,B8,B11,B12,ndvi,ndwi,cls
1,89,41.944,28.380,16,0.0470,0.0495,0.0297,0.0175,0.0150,0.0150,-0.258,0.477,수계
2,29,33.775,5.088,3,0.0175,0.0431,0.0297,0.2076,0.1378,0.0722,0.750,-0.656,산림
3,76,24.907,21.773,14,0.0940,0.1046,0.0694,0.2004,0.2969,0.2566,0.486,-0.314,시가지
4,35,34.089,1.040,3,0.0619,0.0810,0.0689,0.2620,0.3279,0.1233,0.583,-0.528,농경지
5,96,27.088,30.643,20,0.1312,0.1135,0.1414,0.2156,0.2702,0.2050,0.208,-0.310,나지
6,40,20.079,35.661,20,0.0756,0.1214,0.1110,0.2679,0.2337,0.1792,0.414,-0.376,농경지
7,11,49.622,2.745,4,0.0326,0.0290,0.0301,0.3368,0.1815,0.0784,0.836,-0.841,산림
8,13,59.384,34.349,23,0.0278,0.0519,0.0374,0.1884,0.1511,0.0591,0.669,-0.568,산림
9,3,46.572,10.157,10,0.0441,0.0482,0.0310,0.3121,0.1103,0.0631,0.819,-0.733,산림
10,51,22.634,0.396,2,0.0323,0.0772,0.0760,0.2993,0.1829,0.1375,0.595,-0.590,농경지
11,6,31.887,21.091,15,0.0205,0.0676,0.0339,0.3435,0.1591,0.0723,0.820,-0.671,산림
12,33,32.941,9.962,3,0.0342,0.0458,0.0226,0.3737,0.1290,0.0449,0.886,-0.782,산림
13,45,27.902,29.765,14,0.0885,0.0864,0.1264,0.2978,0.3256,0.1881,0.404,-0.550,농경지
14,32,40.394,18.056,10,0.0263,0.0364,0.0468,0.3788,0.2171,0.0904,0.780,-0.825,산림
15,50,22.487,25.777,14,0.0667,0.0792,0.0731,0.2441,0.1635,0.1175,0.539,-0.510,농경지
16,48,37.207,24.735,15,0.0785,0.0948,0.0986,0.2759,0.2593,0.1884,0.474,-0.488,농경지
17,104,6.733,17.874,6,0.0645,0.0554,0.0819,0.1588,0.0695,0.0549,0.319,-0.483,갯벌
18,57,31.716,5.500,3,0.0750,0.0709,0.0492,0.2709,0.1986,0.1317,0.693,-0.585,농경지
19,6,32.388,21.131,15,0.0244,0.0610,0.0300,0.3392,0.1511,0.0740,0.838,-0.695,산림
20,57,31.608,6.235,3,0.0647,0.0748,0.0504,0.3292,0.1854,0.1426,0.735,-0.630,농경지
21,2,31.947,16.041,9,0.0388,0.0490,0.0432,0.3397,0.2204,0.0737,0.774,-0.748,산림
22,44,18.559,22.585,13,0.0531,0.0605,0.0773,0.3176,0.2435,0.1126,0.609,-0.680,농경지
23,78,23.192,25.152,14,0.0737,0.0992,0.1113,0.1748,0.2507,0.1883,0.222,-0.276,시가지
24,76,24.736,22.055,14,0.0985,0.0946,0.0822,0.2071,0.3109,0.2419,0.432,-0.373,시가지
25,51,22.825,0.235,2,0.0386,0.0876,0.0722,0.2710,0.1750,0.1486,0.579,-0.511,농경지
26,101,2.467,37.792,18,0.0931,0.0912,0.0841,0.0886,0.0742,0.0610,0.026,0.015,갯벌
27,22,44.482,29.909,16,0.0323,0.0457,0.0298,0.2598,0.1707,0.0579,0.794,-0.701,산림
28,46,25.574,9.619,2,0.0602,0.0674,0.0556,0.2916,0.1907,0.1311,0.680,-0.625,농경지
29,35,33.649,0.715,3,0.0600,0.0917,0.0620,0.3008,0.2945,0.1328,0.658,-0.533,농경지
30,28,34.374,17.048,9,0.0435,0.0686,0.0288,0.2756,0.1869,0.0562,0.811,-0.601,산림
31,34,30.392,9.762,3,0.0254,0.0434,0.0226,0.4273,0.1633,0.0859,0.899,-0.815,산림
32,54,19.154,15.820,7,0.0742,0.0952,0.0967,0.2124,0.2475,0.1920,0.374,-0.381,농경지
33,45,27.281,30.165,20,0.0694,0.0940,0.1188,0.3133,0.3193,0.1696,0.450,-0.539,농경지
34,90,34.448,30.707,21,0.0632,0.0407,0.0234,0.0244,0.0010,0.0086,0.021,0.249,수계
35,53,13.472,31.959,19,0.0554,0.0930,0.0554,0.2776,0.2144,0.1204,0.667,-0.498,농경지
36,100,42.807,10.070,10,0.1284,0.1558,0.1488,0.2827,0.2736,0.2314,0.310,-0.289,나지
37,75,20.549,29.835,14,0.0817,0.0901,0.1508,0.1758,0.2690,0.1521,0.076,-0.322,시가지
38,21,33.201,33.854,21,0.0314,0.0619,0.0319,0.3602,0.2044,0.0866,0.837,-0.707,산림
39,21,33.568,33.661,21,0.0296,0.0629,0.0356,0.3093,0.2057,0.0871,0.794,-0.662,산림
40,88,52.631,28.643,17,0.0758,0.0529,0.0335,0.0236,0.0081,0.0111,-0.174,0.384,수계
41,73,26.858,26.145,14,0.0625,0.0885,0.0942,0.3019,0.3229,0.2172,0.524,-0.547,시가지
42,87,10.611,3.008,1,0.0589,0.0563,0.0276,0.0235,0.0116,0.0079,-0.079,0.411,수계
43,70,26.020,23.551,14,0.0911,0.1002,0.1113,0.1909,0.2758,0.2536,0.264,-0.312,시가지
44,78,23.238,24.715,14,0.0903,0.1161,0.1004,0.1574,0.2560,0.1954,0.221,-0.151,시가지
45,16,56.843,14.461,11,0.0232,0.0480,0.0231,0.3722,0.1600,0.0500,0.883,-0.772,산림
46,40,19.921,35.266,19,0.0910,0.1229,0.0994,0.2650,0.2627,0.1785,0.455,-0.366,농경지
47,87,10.891,2.605,1,0.0601,0.0587,0.0230,0.0132,0.0105,0.0119,-0.269,0.632,수계
48,2,32.352,16.069,9,0.0349,0.0521,0.0290,0.3208,0.2137,0.0720,0.834,-0.721,산림
49,36,22.632,37.851,20,0.0469,0.0835,0.0822,0.3336,0.2130,0.1034,0.605,-0.600,농경지
50,6,31.805,21.045,15,0.0233,0.0575,0.0332,0.3233,0.1473,0.0657,0.814,-0.698,산림
51,5,34.063,28.845,15,0.0372,0.0776,0.0252,0.3786,0.1651,0.0705,0.875,-0.660,산림
52,20,43.390,26.166,16,0.0348,0.0405,0.0252,0.2390,0.1650,0.0491,0.809,-0.710,산림
53,97,18.956,20.996,13,0.0943,0.1322,0.1637,0.2559,0.2780,0.2860,0.220,-0.319,나지
54,88,52.420,28.415,17,0.0711,0.0524,0.0333,0.0361,0.0104,0.0039,0.040,0.185,수계
55,11,50.020,3.231,5,0.0333,0.0406,0.0261,0.3341,0.1831,0.0751,0.855,-0.783,산림
56,11,49.761,2.916,4,0.0387,0.0339,0.0239,0.3027,0.1870,0.0834,0.854,-0.799,산림
57,78,23.353,25.053,14,0.0786,0.1166,0.1024,0.1923,0.2361,0.2082,0.305,-0.245,시가지
58,60,14.373,34.729,19,0.0424,0.1229,0.0846,0.2683,0.2354,0.0914,0.520,-0.371,농경지
59,65,24.688,19.395,8,0.0834,0.0978,0.1287,0.2691,0.2141,0.2055,0.353,-0.467,시가지
60,94,37.254,28.374,15,0.1411,0.0937,0.1347,0.2843,0.2832,0.1984,0.357,-0.504,나지
61,83,12.344,4.471,1,0.0709,0.0453,0.0372,0.0146,0.0044,0.0052,-0.436,0.513,수계
62,89,42.216,28.628,16,0.0345,0.0562,0.0302,0.0220,0.0159,0.0026,-0.157,0.438,수계
63,21,33.376,34.261,21,0.0270,0.0603,0.0270,0.3318,0.2014,0.0967,0.849,-0.692,산림
64,57,32.055,5.863,3,0.0730,0.0726,0.0562,0.2407,0.1988,0.1417,0.621,-0.537,농경지
65,71,17.690,15.774,7,0.1089,0.1335,0.1383,0.1642,0.2238,0.1849,0.086,-0.103,시가지
66,11,49.620,3.179,4,0.0348,0.0317,0.0270,0.3578,0.2217,0.0825,0.860,-0.837,산림
67,85,12.266,19.198,7,0.0702,0.0449,0.0253,0.0226,0.0109,0.0132,-0.056,0.330,수계
68,62,30.276,19.411,9,0.0588,0.0982,0.0453,0.2157,0.1904,0.0936,0.653,-0.374,농경지
69,71,17.841,16.096,7,0.1047,0.1159,0.1266,0.1706,0.2355,0.1871,0.148,-0.191,시가지
70,50,22.673,25.418,14,0.0647,0.0793,0.0691,0.1928,0.1285,0.1316,0.472,-0.417,농경지
71,92,35.771,16.066,9,0.0512,0.0505,0.0306,0.0158,0.0103,0.0083,-0.318,0.523,수계
72,61,33.758,32.858,21,0.0739,0.0798,0.0746,0.2161,0.2491,0.1300,0.486,-0.461,농경지
73,68,25.316,29.838,14,0.0995,0.1002,0.1063,0.2256,0.1935,0.2271,0.359,-0.385,시가지
74,20,43.402,26.450,16,0.0186,0.0455,0.0271,0.2444,0.1758,0.0621,0.800,-0.686,산림
75,2,32.290,15.520,9,0.0437,0.0477,0.0364,0.3325,0.1854,0.0858,0.802,-0.749,산림
76,31,52.291,32.232,23,0.0264,0.0757,0.0261,0.2965,0.1584,0.0539,0.838,-0.593,산림
77,77,15.533,24.295,13,0.1232,0.1032,0.1502,0.2907,0.2968,0.3321,0.319,-0.476,시가지
78,39,17.117,34.174,19,0.0466,0.0891,0.0815,0.2419,0.2284,0.0857,0.496,-0.462,농경지
79,48,37.127,25.025,15,0.0839,0.0857,0.1082,0.2714,0.2804,0.1718,0.430,-0.520,농경지
80,51,22.433,0.094,2,0.0441,0.0930,0.0732,0.2878,0.1738,0.1188,0.595,-0.512,농경지
81,35,33.718,1.304,3,0.0503,0.0824,0.0554,0.2694,0.2835,0.1282,0.659,-0.531,농경지
82,49,33.177,12.428,9,0.0788,0.1281,0.1032,0.2090,0.2789,0.2051,0.339,-0.240,농경지
83,7,36.725,37.101,21,0.0241,0.0518,0.0366,0.2958,0.1591,0.0578,0.780,-0.702,산림
84,2,32.108,16.255,9,0.0401,0.0506,0.0265,0.3410,0.1990,0.0665,0.856,-0.741,산림
85,83,12.437,4.726,1,0.0814,0.0409,0.0254,0.0161,0.0195,0.0163,-0.224,0.436,수계
86,87,10.237,2.941,1,0.0780,0.0682,0.0212,0.0182,0.0161,0.0044,-0.075,0.578,수계
87,43,44.958,8.980,4,0.0453,0.0707,0.0628,0.2987,0.2439,0.1178,0.653,-0.617,농경지
88,70,26.135,23.766,14,0.0853,0.1168,0.1237,0.2084,0.2387,0.2511,0.255,-0.282,시가지
89,10,33.428,6.660,3,0.0342,0.0399,0.0299,0.3147,0.1733,0.0576,0.826,-0.775,산림
90,73,26.805,25.383,14,0.0684,0.0819,0.1068,0.3372,0.3241,0.1787,0.519,-0.609,시가지
91,59,18.953,2.458,1,0.0516,0.0787,0.0573,0.2847,0.3244,0.1294,0.665,-0.567,농경지
92,60,14.528,35.401,19,0.0511,0.1164,0.0713,0.2558,0.1992,0.0919,0.564,-0.374,농경지
93,90,34.708,30.617,21,0.0737,0.0481,0.0212,0.0221,0.0061,0.0020,0.021,0.371,수계
94,17,59.532,20.220,17,0.0269,0.0584,0.0416,0.3938,0.1893,0.0519,0.809,-0.742,산림
95,16,57.018,14.863,11,0.0332,0.0606,0.0315,0.3797,0.1506,0.0443,0.847,-0.725,산림
96,23,57.276,28.165,17,0.0314,0.0439,0.0279,0.2692,0.1821,0.0668,0.812,-0.720,산림
97,55,15.881,19.336,7,0.0429,0.0943,0.0534,0.2142,0.1824,0.1211,0.601,-0.389,농경지
98,104,6.301,17.901,6,0.0463,0.0821,0.0729,0.1535,0.0776,0.0717,0.356,-0.303,갯벌
99,9,54.264,7.281,5,0.0177,0.0366,0.0201,0.2770,0.1807,0.0718,0.865,-0.767,산림
100,43,44.949,9.307,4,0.0506,0.0779,0.0615,0.2861,0.2152,0.1205,0.646,-0.572,농경지
101,31,52.036,32.664,23,0.0290,0.0613,0.0279,0.3293,0.1586,0.0782,0.844,-0.686,산림
102,94,37.671,27.951,15,0.1452,0.0869,0.1538,0.3384,0.2764,0.1867,0.375,-0.591,나지
103,14,41.958,38.862,22,0.0141,0.0563,0.0399,0.2820,0.1615,0.0832,0.752,-0.667,산림
104,78,22.981,24.754,14,0.0755,0.1253,0.1190,0.1510,0.2379,0.1770,0.119,-0.093,시가지
105,86,21.477,38.678,20,0.0733,0.0486,0.0189,0.0198,0.0096,0.0128,0.021,0.422,수계
106,62,30.069,19.625,9,0.0528,0.0977,0.0530,0.2399,0.2246,0.0968,0.638,-0.421,농경지
107,34,30.980,9.613,3,0.0305,0.0629,0.0204,0.4033,0.1938,0.0714,0.904,-0.730,산림
108,72,23.481,12.674,8,0.1000,0.0950,0.1366,0.1828,0.2792,0.1956,0.145,-0.316,시가지
109,21,33.932,34.094,21,0.0339,0.0535,0.0260,0.3276,0.2071,0.0993,0.853,-0.719,산림
110,73,27.475,25.641,14,0.0596,0.0898,0.1222,0.2987,0.2855,0.1869,0.419,-0.538,시가지
111,96,27.736,31.192,20,0.1164,0.1147,0.1235,0.2318,0.2672,0.2240,0.305,-0.338,나지
112,95,30.477,20.067,15,0.1075,0.1229,0.1563,0.2244,0.2773,0.2664,0.179,-0.292,나지
113,15,52.365,12.642,11,0.0319,0.0650,0.0357,0.3598,0.1653,0.0434,0.819,-0.694,산림
114,80,33.048,26.978,15,0.1141,0.1267,0.1290,0.1819,0.2486,0.2415,0.170,-0.179,시가지
115,22,44.146,30.032,22,0.0329,0.0403,0.0345,0.2381,0.1451,0.0549,0.747,-0.710,산림
116,41,37.211,8.537,3,0.0792,0.1048,0.1074,0.2837,0.2629,0.1899,0.451,-0.460,농경지
117,70,26.114,23.757,14,0.0871,0.1109,0.1257,0.1634,0.2758,0.2615,0.131,-0.191,시가지
118,44,18.876,22.659,13,0.0440,0.0653,0.0675,0.2915,0.2289,0.1135,0.624,-0.634,농경지
119,35,33.235,0.740,3,0.0616,0.0976,0.0779,0.2406,0.3210,0.1106,0.511,-0.423,농경지
120,53,13.775,32.094,19,0.0509,0.0809,0.0539,0.2342,0.2395,0.1303,0.626,-0.486,농경지
121,89,42.186,28.313,16,0.0420,0.0442,0.0198,0.0093,0.0163,0.0116,-0.362,0.653,수계
122,57,31.754,5.927,3,0.0574,0.0659,0.0621,0.2682,0.1930,0.1149,0.624,-0.605,농경지
123,28,34.377,16.751,9,0.0330,0.0789,0.0330,0.2752,0.2186,0.0559,0.786,-0.555,산림
124,102,5.828,3.453,0,0.0603,0.0626,0.0709,0.0975,0.1083,0.0453,0.158,-0.218,갯벌
125,14,42.077,39.383,22,0.0275,0.0522,0.0371,0.2530,0.1668,0.0865,0.744,-0.658,산림
126,28,34.699,17.247,9,0.0358,0.0621,0.0324,0.3015,0.2023,0.0531,0.806,-0.659,산림
127,89,42.161,28.623,16,0.0472,0.0383,0.0310,0.0175,0.0173,0.0138,-0.278,0.373,수계
128,88,52.670,27.967,17,0.0703,0.0569,0.0329,0.0277,0.0094,0.0066,-0.085,0.344,수계
129,16,57.402,14.758,11,0.0219,0.0551,0.0252,0.3861,0.1383,0.0489,0.877,-0.750,산림
130,102,6.635,3.569,0,0.0585,0.0633,0.0749,0.0850,0.0962,0.0530,0.063,-0.146,갯벌
131,76,24.233,21.818,14,0.0937,0.1060,0.0848,0.1961,0.3207,0.2361,0.396,-0.298,시가지
132,43,44.426,9.336,4,0.0462,0.0704,0.0623,0.2707,0.2457,0.1483,0.626,-0.587,농경지
133,12,31.588,4.979,3,0.0279,0.0512,0.0317,0.3241,0.1766,0.0860,0.822,-0.727,산림
134,40,19.720,35.523,19,0.0814,0.1166,0.1302,0.2381,0.2729,0.1735,0.293,-0.342,농경지
135,17,59.428,19.756,11,0.0199,0.0652,0.0435,0.3846,0.1624,0.0606,0.797,-0.710,산림
136,92,35.994,15.956,9,0.0655,0.0476,0.0433,0.0212,0.0140,0.0027,-0.342,0.383,수계
137,98,36.338,28.185,15,0.1076,0.1724,0.1481,0.2567,0.3114,0.2416,0.268,-0.196,나지
138,75,19.877,29.358,13,0.1024,0.0964,0.1583,0.1932,0.2553,0.1458,0.099,-0.334,시가지
139,90,34.560,30.737,21,0.0514,0.0444,0.0262,0.0279,0.0053,0.0014,0.031,0.229,수계
140,9,54.406,7.123,5,0.0259,0.0317,0.0299,0.3457,0.1647,0.0730,0.841,-0.832,산림
141,74,16.792,20.218,13,0.0943,0.1188,0.1086,0.2586,0.2962,0.2124,0.408,-0.370,시가지
142,72,23.825,12.535,8,0.0962,0.0922,0.1151,0.1817,0.2634,0.1812,0.224,-0.327,시가지
143,82,6.532,30.108,18,0.0523,0.0651,0.0191,0.0201,0.0094,0.0075,0.027,0.528,수계
144,41,37.076,9.058,3,0.0821,0.0973,0.1136,0.3079,0.2241,0.1987,0.461,-0.520,농경지
145,81,48.886,1.929,4,0.0670,0.0406,0.0420,0.0234,0.0150,0.0095,-0.285,0.268,수계
146,32,40.809,18.110,10,0.0333,0.0377,0.0419,0.4046,0.2212,0.0996,0.812,-0.830,산림
147,86,21.263,38.561,20,0.0738,0.0548,0.0226,0.0115,0.0155,0.0122,-0.326,0.653,수계
148,40,20.053,35.525,20,0.0835,0.1144,0.1215,0.2220,0.2550,0.1581,0.293,-0.320,농경지
149,18,32.972,17.969,9,0.0266,0.0668,0.0339,0.3074,0.1338,0.0720,0.801,-0.643,산림
150,50,23.009,25.138,14,0.0517,0.0797,0.0733,0.2396,0.1457,0.1266,0.531,-0.501,농경지
151,12,32.006,4.937,3,0.0219,0.0332,0.0305,0.2662,0.1601,0.0830,0.794,-0.778,산림
152,26,48.486,22.825,16,0.0340,0.0366,0.0266,0.2892,0.1700,0.0728,0.832,-0.775,산림
153,83,12.405,4.643,1,0.0735,0.0505,0.0327,0.0148,0.0186,0.0097,-0.376,0.546,수계
154,77,16.066,24.833,13,0.1215,0.1055,0.1605,0.2994,0.3152,0.3816,0.302,-0.479,시가지
155,69,23.486,24.687,14,0.1024,0.1188,0.1090,0.2110,0.1851,0.2276,0.319,-0.280,시가지
156,81,49.030,1.470,4,0.0507,0.0483,0.0461,0.0249,0.0088,0.0014,-0.299,0.320,수계
157,94,37.421,28.179,15,0.1438,0.0921,0.1409,0.3137,0.3070,0.2159,0.380,-0.546,나지
158,64,36.799,20.176,15,0.0441,0.0780,0.0604,0.3698,0.2416,0.1578,0.719,-0.652,농경지
159,67,26.880,15.251,8,0.0948,0.0890,0.1322,0.1988,0.2285,0.2142,0.201,-0.382,시가지
160,38,29.594,22.504,14,0.0477,0.0803,0.0545,0.2171,0.2111,0.1858,0.599,-0.460,농경지
161,43,44.855,9.219,4,0.0555,0.0807,0.0481,0.3097,0.2643,0.1403,0.731,-0.587,농경지
162,83,12.877,4.567,1,0.0774,0.0415,0.0383,0.0126,0.0064,0.0074,-0.506,0.536,수계
163,64,36.914,19.789,9,0.0386,0.0857,0.0460,0.3126,0.3093,0.1904,0.743,-0.570,농경지
164,17,59.207,20.266,17,0.0186,0.0533,0.0349,0.3861,0.1643,0.0585,0.834,-0.757,산림
165,44,18.179,22.143,13,0.0431,0.0579,0.0753,0.3112,0.2460,0.1143,0.610,-0.686,농경지
166,9,53.905,7.871,5,0.0283,0.0337,0.0242,0.2883,0.1649,0.0716,0.845,-0.791,산림
167,44,17.945,22.554,13,0.0465,0.0753,0.0639,0.3388,0.2429,0.1290,0.683,-0.636,농경지
168,52,22.481,14.882,8,0.0529,0.0942,0.0646,0.2899,0.1729,0.1287,0.636,-0.510,농경지
169,84,21.095,19.597,8,0.0621,0.0382,0.0250,0.0218,0.0145,0.0049,-0.068,0.274,수계
170,41,37.350,9.259,3,0.0819,0.0988,0.1190,0.3112,0.2143,0.1970,0.447,-0.518,농경지
171,16,57.035,14.788,11,0.0351,0.0466,0.0310,0.4005,0.1662,0.0514,0.856,-0.792,산림
172,70,25.744,23.736,14,0.0782,0.1095,0.1202,0.1633,0.2375,0.2526,0.152,-0.197,시가지
173,44,18.265,22.401,13,0.0464,0.0627,0.0737,0.2661,0.2373,0.1121,0.566,-0.619,농경지
174,2,32.173,15.969,9,0.0272,0.0480,0.0383,0.3384,0.2078,0.0727,0.797,-0.751,산림
175,4,33.585,1.273,3,0.0381,0.0523,0.0410,0.4138,0.1472,0.0736,0.820,-0.776,산림
176,48,37.358,25.192,15,0.0708,0.0887,0.1125,0.2586,0.2534,0.1910,0.394,-0.489,농경지
177,88,52.884,28.025,17,0.0614,0.0563,0.0302,0.0348,0.0111,0.0050,0.071,0.236,수계
178,38,29.460,22.293,14,0.0586,0.0829,0.0485,0.2240,0.2091,0.1949,0.644,-0.460,농경지
179,78,23.057,25.138,14,0.0801,0.1028,0.0976,0.1819,0.2188,0.1769,0.302,-0.278,시가지
180,5,34.100,28.764,15,0.0271,0.0602,0.0259,0.3538,0.1463,0.0648,0.863,-0.709,산림
181,68,25.564,29.784,14,0.1142,0.0777,0.1037,0.2548,0.1741,0.2931,0.422,-0.533,시가지
182,43,44.312,9.170,4,0.0493,0.0747,0.0641,0.3109,0.2314,0.1226,0.658,-0.612,농경지
183,29,33.918,5.905,3,0.0286,0.0403,0.0126,0.2006,0.1636,0.0751,0.881,-0.666,산림
184,95,30.827,19.830,9,0.1252,0.1238,0.1225,0.1899,0.2793,0.2704,0.216,-0.211,나지
185,28,34.651,16.769,9,0.0331,0.0554,0.0278,0.2572,0.2118,0.0482,0.805,-0.645,산림
186,15,51.817,12.822,11,0.0277,0.0514,0.0287,0.3349,0.1543,0.0517,0.842,-0.734,산림
187,47,12.829,20.071,13,0.0929,0.1118,0.1101,0.2908,0.2573,0.1859,0.451,-0.445,농경지
188,39,17.400,33.707,19,0.0331,0.0738,0.0719,0.2397,0.2212,0.0960,0.538,-0.529,농경지
189,97,18.669,21.363,13,0.1005,0.1406,0.1493,0.2181,0.3186,0.2981,0.187,-0.216,나지
190,12,32.184,4.773,3,0.0249,0.0424,0.0351,0.2956,0.1664,0.0803,0.788,-0.749,산림
191,24,57.556,26.657,17,0.0404,0.0532,0.0279,0.3132,0.1650,0.0560,0.837,-0.710,산림
192,85,12.187,19.368,7,0.0809,0.0627,0.0281,0.0242,0.0034,0.0087,-0.075,0.443,수계
193,76,24.843,21.680,14,0.1043,0.0933,0.0783,0.2291,0.2872,0.2591,0.490,-0.421,시가지
194,79,19.477,16.745,7,0.1105,0.1160,0.0985,0.1361,0.2962,0.1608,0.160,-0.080,시가지
195,14,42.250,38.708,22,0.0201,0.0368,0.0410,0.2997,0.1547,0.0800,0.759,-0.781,산림
196,73,26.962,26.087,14,0.0587,0.1055,0.1025,0.3058,0.2541,0.1988,0.498,-0.487,시가지
197,36,23.233,37.854,20,0.0393,0.0705,0.0958,0.3120,0.2121,0.0957,0.530,-0.631,농경지
198,15,52.229,12.824,11,0.0364,0.0673,0.0273,0.3812,0.1456,0.0523,0.866,-0.700,산림
199,104,6.407,18.186,6,0.0624,0.0650,0.0720,0.1541,0.0831,0.0565,0.363,-0.407,갯벌
200,86,21.677,38.748,20,0.0742,0.0403,0.0275,0.0249,0.0163,0.0036,-0.049,0.237,수계
201,1,32.564,9.379,3,0.0276,0.0543,0.0255,0.2755,0.1077,0.0746,0.831,-0.671,산림
202,64,36.928,20.406,15,0.0438,0.0792,0.0578,0.2926,0.2680,0.1655,0.670,-0.574,농경지
203,72,23.665,12.226,8,0.0937,0.0926,0.1224,0.1788,0.2567,0.1810,0.187,-0.317,시가지
204,43,44.970,9.921,4,0.0493,0.0802,0.0694,0.2832,0.2542,0.1271,0.606,-0.558,농경지
205,59,19.310,1.966,1,0.0492,0.0882,0.0504,0.2979,0.2922,0.1072,0.711,-0.543,농경지
206,1,32.847,9.421,3,0.0301,0.0428,0.0246,0.3307,0.1246,0.0662,0.861,-0.771,산림
207,57,31.671,5.877,3,0.0588,0.0676,0.0489,0.3270,0.2065,0.1353,0.740,-0.658,농경지
208,6,32.304,20.753,15,0.0188,0.0672,0.0296,0.3566,0.1805,0.0781,0.847,-0.683,산림
209,90,34.422,31.209,21,0.0528,0.0479,0.0237,0.0237,0.0125,0.0055,0.000,0.338,수계
210,16,57.229,14.413,11,0.0329,0.0607,0.0326,0.4272,0.1342,0.0510,0.858,-0.751,산림
211,35,33.777,1.244,3,0.0480,0.1037,0.0719,0.2716,0.3201,0.1101,0.582,-0.447,농경지
212,95,30.786,20.524,15,0.1139,0.1199,0.1407,0.1782,0.2510,0.2678,0.118,-0.196,나지
213,20,43.122,26.650,16,0.0146,0.0371,0.0297,0.2721,0.1744,0.0576,0.803,-0.760,산림
214,103,4.694,4.444,0,0.0620,0.0841,0.0724,0.1099,0.0594,0.0604,0.206,-0.133,갯벌
215,69,23.285,25.039,14,0.0934,0.1120,0.1220,0.1923,0.1881,0.2185,0.224,-0.264,시가지
216,21,33.481,34.341,21,0.0314,0.0688,0.0304,0.3143,0.2135,0.0947,0.824,-0.641,산림
217,18,32.665,17.458,9,0.0240,0.0697,0.0286,0.2949,0.1340,0.0669,0.823,-0.618,산림
218,22,44.641,30.765,22,0.0180,0.0431,0.0166,0.2558,0.1627,0.0669,0.878,-0.712,산림
219,42,38.375,29.823,15,0.0928,0.1004,0.0607,0.2469,0.2456,0.1358,0.605,-0.422,농경지
220,78,23.795,24.556,14,0.0907,0.1217,0.0960,0.1680,0.2326,0.1687,0.272,-0.160,시가지
221,59,19.523,2.857,1,0.0486,0.0918,0.0571,0.2649,0.2760,0.1473,0.645,-0.485,농경지
222,82,6.772,30.282,18,0.0427,0.0705,0.0189,0.0171,0.0130,0.0098,-0.051,0.609,수계
223,5,34.091,28.440,15,0.0285,0.0602,0.0247,0.3867,0.1610,0.0809,0.880,-0.731,산림
224,93,46.141,29.340,16,0.1163,0.1839,0.1524,0.2837,0.3345,0.2139,0.301,-0.213,나지
225,82,6.621,30.742,18,0.0457,0.0689,0.0281,0.0266,0.0129,0.0065,-0.027,0.442,수계
226,66,21.480,14.065,8,0.0781,0.0864,0.1279,0.1763,0.3066,0.1747,0.159,-0.342,시가지
227,95,31.397,20.047,15,0.0937,0.1218,0.1380,0.2249,0.2582,0.2478,0.239,-0.298,나지
228,59,19.513,2.442,1,0.0513,0.0791,0.0514,0.3078,0.2962,0.1208,0.714,-0.591,농경지
229,104,6.185,17.821,6,0.0617,0.0691,0.0764,0.1639,0.0822,0.0569,0.364,-0.407,갯벌
230,28,34.410,17.211,9,0.0371,0.0617,0.0296,0.2797,0.1933,0.0575,0.808,-0.639,산림
231,17,59.799,19.740,11,0.0211,0.0501,0.0418,0.3831,0.1476,0.0694,0.803,-0.769,산림
232,30,32.134,22.856,15,0.0246,0.0561,0.0313,0.3670,0.1340,0.0629,0.843,-0.735,산림
233,7,36.609,36.483,21,0.0185,0.0356,0.0424,0.2885,0.1806,0.0510,0.744,-0.780,산림
234,16,57.290,14.530,11,0.0285,0.0586,0.0354,0.3557,0.1759,0.0483,0.819,-0.717,산림
235,14,41.986,38.845,22,0.0213,0.0462,0.0440,0.3108,0.1724,0.0902,0.752,-0.741,산림
236,46,24.874,9.527,2,0.0545,0.0730,0.0550,0.2623,0.1564,0.1326,0.653,-0.565,농경지
237,28,34.475,17.079,9,0.0362,0.0720,0.0273,0.2814,0.1949,0.0748,0.823,-0.593,산림
238,102,5.920,3.608,0,0.0798,0.0660,0.0795,0.0953,0.1021,0.0558,0.090,-0.181,갯벌
239,70,26.037,23.566,14,0.1055,0.1166,0.1179,0.1691,0.2581,0.2544,0.178,-0.184,시가지
240,32,40.654,18.017,10,0.0278,0.0343,0.0450,0.4226,0.2265,0.1006,0.807,-0.850,산림
241,29,34.275,5.384,3,0.0274,0.0367,0.0296,0.2087,0.1636,0.0774,0.751,-0.701,산림
242,40,19.485,35.116,19,0.0775,0.1245,0.1094,0.2582,0.2397,0.1572,0.405,-0.350,농경지
243,77,16.085,24.692,13,0.1355,0.1045,0.1665,0.3371,0.2846,0.2927,0.339,-0.527,시가지
244,17,59.272,19.861,11,0.0249,0.0542,0.0431,0.4137,0.1611,0.0642,0.811,-0.768,산림
245,59,19.372,2.344,1,0.0399,0.0921,0.0618,0.2507,0.2966,0.1351,0.605,-0.463,농경지
246,14,42.358,39.333,22,0.0308,0.0415,0.0370,0.2992,0.1776,0.0862,0.780,-0.757,산림
247,21,33.421,34.416,21,0.0312,0.0727,0.0301,0.3403,0.2076,0.0907,0.838,-0.648,산림
248,11,49.573,3.114,4,0.0298,0.0280,0.0210,0.2865,0.1807,0.0753,0.864,-0.822,산림
249,41,37.316,8.803,3,0.0872,0.1121,0.1136,0.2753,0.2546,0.2117,0.416,-0.421,농경지
250,76,24.906,22.007,14,0.0791,0.0986,0.0768,0.1854,0.2800,0.2271,0.414,-0.306,시가지
251,72,23.762,12.383,8,0.1058,0.0867,0.1259,0.1840,0.2646,0.1643,0.187,-0.359,시가지
252,86,21.184,37.778,20,0.0656,0.0529,0.0233,0.0166,0.0132,0.0093,-0.167,0.523,수계
253,6,32.275,20.924,15,0.0240,0.0680,0.0294,0.3477,0.1546,0.0933,0.844,-0.673,산림
254,103,4.792,4.615,0,0.0739,0.0827,0.0642,0.0998,0.0722,0.0548,0.217,-0.094,갯벌
255,71,17.570,16.266,7,0.1311,0.1131,0.1140,0.1585,0.1929,0.1923,0.164,-0.167,시가지
256,44,17.942,22.534,13,0.0414,0.0620,0.0875,0.2966,0.2435,0.1211,0.545,-0.654,농경지
257,10,33.426,7.101,3,0.0276,0.0451,0.0295,0.3200,0.1865,0.0601,0.831,-0.753,산림
258,1,32.603,9.445,3,0.0343,0.0406,0.0259,0.3177,0.1293,0.0679,0.849,-0.774,산림
259,33,32.919,10.371,9,0.0318,0.0483,0.0261,0.3712,0.1241,0.0462,0.869,-0.770,산림
260,103,4.760,4.712,0,0.0636,0.0742,0.0667,0.1050,0.0692,0.0471,0.223,-0.172,갯벌
261,43,45.012,8.787,4,0.0487,0.0741,0.0570,0.3148,0.2305,0.1316,0.693,-0.619,농경지
262,59,19.481,2.009,1,0.0465,0.0853,0.0522,0.2801,0.3041,0.1220,0.686,-0.533,농경지
263,81,48.738,1.426,4,0.0542,0.0383,0.0384,0.0244,0.0117,0.0080,-0.224,0.222,수계
264,12,31.840,4.749,3,0.0233,0.0519,0.0373,0.2732,0.1600,0.0761,0.760,-0.681,산림
265,17,59.313,19.918,11,0.0207,0.0527,0.0277,0.3589,0.1666,0.0669,0.857,-0.744,산림
266,17,59.061,19.892,11,0.0281,0.0554,0.0267,0.3482,0.1770,0.0558,0.857,-0.725,산림
267,101,3.009,37.636,18,0.1046,0.0946,0.0853,0.0976,0.0780,0.0580,0.067,-0.015,갯벌
268,16,56.900,14.972,11,0.0236,0.0441,0.0273,0.3803,0.1832,0.0464,0.866,-0.792,산림
269,88,52.379,28.229,17,0.0800,0.0546,0.0281,0.0228,0.0162,0.0064,-0.104,0.410,수계
270,18,32.864,17.838,9,0.0256,0.0595,0.0370,0.3297,0.1356,0.0620,0.798,-0.694,산림
271,92,35.766,15.515,9,0.0465,0.0458,0.0298,0.0187,0.0145,0.0122,-0.228,0.419,수계
272,39,16.990,34.467,19,0.0440,0.0766,0.0729,0.2747,0.2459,0.0993,0.580,-0.564,농경지
273,94,37.930,28.476,15,0.1303,0.1093,0.1389,0.3169,0.2713,0.1996,0.390,-0.487,나지
274,20,43.533,26.322,16,0.0174,0.0458,0.0276,0.2747,0.1778,0.0511,0.817,-0.714,산림
275,17,59.069,20.083,17,0.0193,0.0466,0.0280,0.4206,0.1663,0.0702,0.875,-0.801,산림
276,80,32.953,26.953,15,0.1393,0.0924,0.1310,0.2248,0.2516,0.2248,0.264,-0.417,시가지
277,6,32.736,20.705,15,0.0156,0.0711,0.0399,0.3351,0.1414,0.0812,0.787,-0.650,산림
278,40,19.524,35.608,19,0.0942,0.1145,0.1052,0.2523,0.2746,0.1534,0.412,-0.376,농경지
279,35,33.891,1.114,3,0.0651,0.0968,0.0634,0.2555,0.3342,0.1181,0.602,-0.450,농경지
280,59,19.408,2.664,1,0.0548,0.0863,0.0509,0.2550,0.3146,0.1448,0.667,-0.494,농경지
281,41,37.380,8.791,3,0.0767,0.0985,0.1024,0.2888,0.2559,0.2204,0.477,-0.492,농경지
282,44,18.087,22.781,13,0.0540,0.0648,0.0853,0.3139,0.2386,0.1219,0.573,-0.658,농경지
283,26,48.897,23.148,16,0.0273,0.0493,0.0233,0.3095,0.1679,0.0762,0.860,-0.725,산림
284,49,32.555,12.313,9,0.0869,0.1101,0.1047,0.2171,0.2936,0.2201,0.349,-0.327,농경지
285,28,34.640,16.783,9,0.0337,0.0740,0.0332,0.2641,0.2286,0.0547,0.777,-0.562,산림
286,40,19.754,35.501,19,0.0811,0.0931,0.1103,0.2472,0.2721,0.1678,0.383,-0.453,농경지
287,33,33.233,10.204,9,0.0272,0.0494,0.0234,0.3149,0.1421,0.0508,0.862,-0.729,산림
288,95,30.759,20.244,15,0.1275,0.1276,0.1389,0.1988,0.2675,0.2829,0.177,-0.218,나지
289,32,40.923,17.859,10,0.0282,0.0407,0.0504,0.3806,0.2120,0.0836,0.766,-0.807,산림
290,15,52.276,13.007,11,0.0288,0.0583,0.0354,0.4265,0.1634,0.0407,0.847,-0.759,산림
291,91,54.649,2.542,5,0.0539,0.0499,0.0284,0.0142,0.0157,0.0137,-0.333,0.556,수계
292,77,16.209,24.363,13,0.1327,0.1170,0.1656,0.2862,0.3311,0.3135,0.267,-0.420,시가지
293,56,40.741,35.263,22,0.0593,0.0943,0.0580,0.2602,0.2430,0.1519,0.636,-0.468,농경지
294,93,46.348,29.524,16,0.1121,0.1908,0.1572,0.2588,0.3306,0.2136,0.244,-0.151,나지
295,30,32.426,23.237,15,0.0269,0.0514,0.0309,0.3657,0.1317,0.0744,0.844,-0.754,산림
296,90,34.604,30.443,21,0.0563,0.0437,0.0219,0.0252,0.0110,0.0053,0.070,0.269,수계
297,17,59.181,19.863,11,0.0248,0.0600,0.0375,0.4082,0.1620,0.0613,0.832,-0.744,산림
298,89,42.117,28.313,16,0.0410,0.0487,0.0213,0.0150,0.0162,0.0097,-0.173,0.528,수계
299,55,15.945,19.016,7,0.0497,0.0924,0.0566,0.2160,0.1964,0.1038,0.585,-0.401,농경지
300,36,23.266,37.642,20,0.0510,0.0878,0.0744,0.3141,0.1994,0.0880,0.617,-0.563,농경지
301,77,15.879,24.802,13,0.1357,0.0976,0.1585,0.3006,0.3117,0.3121,0.309,-0.510,시가지
302,18,32.278,17.750,9,0.0348,0.0592,0.0401,0.2773,0.1209,0.0761,0.747,-0.648,산림
303,47,12.849,20.875,13,0.0848,0.1261,0.1173,0.2518,0.2811,0.1773,0.364,-0.333,농경지
304,44,18.172,22.597,13,0.0476,0.0682,0.0812,0.3123,0.2297,0.1139,0.588,-0.641,농경지
305,7,36.340,36.189,21,0.0211,0.0529,0.0389,0.3282,0.1562,0.0530,0.788,-0.723,산림
306,16,56.927,14.726,11,0.0205,0.0549,0.0315,0.4702,0.1375,0.0500,0.874,-0.791,산림
307,53,13.510,32.307,19,0.0474,0.0869,0.0632,0.2801,0.2391,0.1232,0.632,-0.526,농경지
308,95,30.716,20.268,15,0.1103,0.1060,0.1222,0.1974,0.2404,0.2549,0.235,-0.301,나지
309,29,33.785,5.277,3,0.0267,0.0397,0.0223,0.2198,0.1552,0.0770,0.816,-0.694,산림
310,94,37.396,27.671,15,0.1541,0.1037,0.1465,0.3024,0.2841,0.2129,0.347,-0.489,나지
311,47,13.323,20.689,13,0.0745,0.1000,0.1238,0.2732,0.2422,0.1868,0.376,-0.464,농경지
312,18,32.555,17.765,9,0.0376,0.0657,0.0420,0.2662,0.1304,0.0675,0.728,-0.604,산림
313,36,22.985,37.866,20,0.0476,0.0848,0.0954,0.3279,0.2212,0.0986,0.549,-0.589,농경지
314,103,4.414,4.599,0,0.0688,0.0715,0.0711,0.1084,0.0749,0.0543,0.208,-0.205,갯벌
315,85,11.733,18.932,7,0.0845,0.0564,0.0304,0.0212,0.0123,0.0093,-0.179,0.454,수계
316,59,19.297,1.962,1,0.0515,0.0828,0.0447,0.2727,0.3348,0.1175,0.718,-0.534,농경지
317,15,52.361,12.731,11,0.0225,0.0518,0.0292,0.3799,0.1593,0.0464,0.857,-0.760,산림
318,2,31.853,15.811,9,0.0424,0.0505,0.0386,0.3746,0.2027,0.0731,0.813,-0.762,산림
319,6,32.411,20.862,15,0.0169,0.0682,0.0350,0.3305,0.1416,0.0755,0.808,-0.658,산림
320,103,4.989,4.770,0,0.0667,0.0860,0.0719,0.1069,0.0731,0.0576,0.196,-0.109,갯벌
321,67,25.981,15.260,8,0.1111,0.1011,0.1272,0.2498,0.2013,0.1845,0.325,-0.424,시가지
322,77,15.664,24.797,13,0.1374,0.0982,0.1697,0.2598,0.3204,0.3492,0.210,-0.451,시가지
323,44,18.017,22.479,13,0.0476,0.0761,0.0802,0.3122,0.2437,0.1201,0.591,-0.608,농경지
324,5,33.957,28.799,15,0.0284,0.0704,0.0248,0.3883,0.1346,0.0788,0.880,-0.693,산림
325,24,57.860,26.431,17,0.0366,0.0726,0.0319,0.3107,0.1541,0.0476,0.814,-0.621,산림
326,25,38.016,4.741,3,0.0327,0.0424,0.0168,0.2956,0.1454,0.0656,0.892,-0.749,산림
327,58,19.365,1.616,1,0.0366,0.0982,0.0731,0.2548,0.2090,0.1079,0.554,-0.444,농경지
328,39,17.242,33.745,19,0.0566,0.0975,0.0814,0.2789,0.2183,0.1120,0.548,-0.482,농경지
329,92,35.856,15.403,9,0.0586,0.0514,0.0341,0.0191,0.0162,0.0081,-0.280,0.457,수계
330,33,33.155,10.483,9,0.0286,0.0425,0.0212,0.3131,0.1495,0.0511,0.873,-0.761,산림
331,62,29.968,19.345,8,0.0506,0.0983,0.0540,0.1873,0.2005,0.1026,0.553,-0.312,농경지
332,68,25.614,29.350,14,0.1084,0.0919,0.1156,0.2417,0.2041,0.2654,0.353,-0.449,시가지
333,45,28.089,29.760,14,0.0854,0.1005,0.1003,0.2757,0.2874,0.1793,0.467,-0.466,농경지
334,6,32.477,21.231,15,0.0250,0.0578,0.0349,0.3442,0.1502,0.0752,0.816,-0.713,산림
335,29,33.742,5.259,3,0.0211,0.0421,0.0296,0.2143,0.1496,0.0761,0.757,-0.672,산림
336,9,54.891,7.268,5,0.0268,0.0458,0.0252,0.2636,0.1818,0.0648,0.825,-0.704,산림
337,33,32.800,10.329,9,0.0355,0.0446,0.0279,0.3384,0.1384,0.0537,0.848,-0.767,산림
338,68,25.611,29.476,14,0.1131,0.0937,0.1137,0.2433,0.1791,0.2697,0.363,-0.444,시가지
339,1,32.544,9.476,3,0.0380,0.0428,0.0273,0.3379,0.1196,0.0818,0.851,-0.775,산림
340,58,19.700,0.883,1,0.0444,0.1062,0.0582,0.2569,0.2308,0.1057,0.631,-0.415,농경지
341,3,47.254,10.186,10,0.0343,0.0483,0.0345,0.2925,0.0963,0.0703,0.789,-0.716,산림
342,39,17.646,33.887,19,0.0415,0.0843,0.0788,0.2656,0.2197,0.1020,0.542,-0.518,농경지
343,92,35.140,15.912,9,0.0537,0.0492,0.0360,0.0110,0.0170,0.0036,-0.531,0.634,수계
344,11,49.629,2.782,4,0.0350,0.0283,0.0290,0.3804,0.1748,0.0740,0.858,-0.862,산림
345,59,19.426,2.339,1,0.0580,0.0947,0.0518,0.2601,0.2914,0.1520,0.668,-0.466,농경지
346,42,38.360,29.449,15,0.0782,0.0931,0.0524,0.2726,0.1901,0.1090,0.677,-0.491,농경지
347,28,34.519,17.072,9,0.0301,0.0632,0.0373,0.2742,0.1939,0.0543,0.760,-0.625,산림
348,97,18.892,21.330,13,0.0983,0.1444,0.1693,0.2641,0.2497,0.2681,0.219,-0.293,나지
349,44,18.615,22.535,13,0.0388,0.0727,0.0783,0.3197,0.2310,0.1127,0.607,-0.629,농경지
350,21,33.391,34.355,21,0.0309,0.0547,0.0299,0.2901,0.2111,0.0886,0.813,-0.683,산림
351,57,31.836,6.112,3,0.0721,0.0789,0.0635,0.2886,0.1842,0.1327,0.639,-0.571,농경지
352,48,37.084,25.098,15,0.0772,0.0966,0.1032,0.2677,0.2644,0.2240,0.443,-0.470,농경지
353,26,48.675,23.164,16,0.0281,0.0458,0.0241,0.2823,0.1631,0.0868,0.843,-0.721,산림
354,85,12.250,18.640,7,0.0753,0.0542,0.0207,0.0258,0.0141,0.0121,0.109,0.356,수계
355,38,29.510,22.358,14,0.0627,0.0757,0.0643,0.2343,0.2428,0.1673,0.570,-0.512,농경지
356,11,49.775,2.668,4,0.0386,0.0208,0.0367,0.3343,0.1814,0.0659,0.802,-0.883,산림
357,9,54.268,7.644,5,0.0230,0.0349,0.0168,0.2729,0.1691,0.0768,0.884,-0.773,산림
358,74,16.796,20.192,13,0.0838,0.1096,0.1124,0.2623,0.3017,0.2295,0.400,-0.411,시가지
359,44,18.514,22.597,13,0.0345,0.0818,0.0825,0.3102,0.2271,0.1100,0.580,-0.583,농경지
360,7,36.448,36.519,21,0.0136,0.0550,0.0384,0.2735,0.1737,0.0622,0.754,-0.665,산림
361,42,38.162,29.618,15,0.0852,0.0938,0.0534,0.2509,0.1842,0.1213,0.649,-0.456,농경지
362,59,19.242,2.289,1,0.0555,0.0921,0.0418,0.2497,0.3041,0.1203,0.713,-0.461,농경지
363,85,11.845,19.056,7,0.0706,0.0583,0.0337,0.0238,0.0102,0.0135,-0.172,0.420,수계
364,5,33.666,28.635,15,0.0340,0.0608,0.0266,0.3355,0.1411,0.0714,0.853,-0.693,산림
365,48,36.974,25.075,15,0.0730,0.0958,0.1197,0.2448,0.2768,0.1886,0.343,-0.437,농경지
366,98,35.753,27.257,15,0.1192,0.1534,0.1341,0.2461,0.2819,0.2456,0.295,-0.232,나지
367,33,32.735,9.991,3,0.0342,0.0456,0.0280,0.3294,0.1431,0.0653,0.843,-0.757,산림
368,74,16.742,20.680,13,0.1031,0.1203,0.1193,0.2696,0.2907,0.2419,0.387,-0.383,시가지
369,53,13.900,31.961,19,0.0616,0.0819,0.0583,0.2653,0.2333,0.1154,0.639,-0.528,농경지
370,80,32.683,26.840,15,0.1312,0.1262,0.1010,0.2038,0.2854,0.2047,0.337,-0.235,시가지
371,55,15.709,19.614,7,0.0443,0.1048,0.0472,0.1940,0.2094,0.1167,0.609,-0.299,농경지
372,21,33.938,34.607,21,0.0333,0.0516,0.0328,0.2877,0.1916,0.0813,0.795,-0.696,산림
373,65,25.117,19.421,8,0.0882,0.0945,0.1375,0.2468,0.2146,0.2114,0.284,-0.446,시가지
374,54,19.067,15.699,7,0.0749,0.1041,0.1083,0.2621,0.2373,0.1666,0.415,-0.432,농경지
375,98,35.927,27.697,15,0.1230,0.1575,0.1445,0.2506,0.2920,0.2525,0.269,-0.228,나지
376,44,18.430,22.343,13,0.0416,0.0754,0.0808,0.3078,0.2568,0.1025,0.584,-0.606,농경지
377,96,27.470,30.786,20,0.1113,0.1304,0.1426,0.2350,0.2684,0.2255,0.245,-0.286,나지
378,5,34.537,28.721,15,0.0284,0.0694,0.0272,0.3116,0.1290,0.0736,0.840,-0.636,산림
379,62,30.570,19.217,9,0.0516,0.0885,0.0493,0.2267,0.2029,0.1092,0.643,-0.438,농경지
380,42,38.628,29.769,15,0.0856,0.0959,0.0663,0.2167,0.1890,0.1147,0.531,-0.387,농경지
381,86,21.317,38.287,20,0.0630,0.0511,0.0170,0.0215,0.0169,0.0010,0.117,0.407,수계
382,33,32.742,10.067,9,0.0294,0.0525,0.0174,0.3323,0.1456,0.0585,0.900,-0.727,산림
383,36,23.090,37.836,20,0.0395,0.0969,0.0811,0.3199,0.2138,0.0809,0.595,-0.535,농경지
384,94,37.655,28.455,15,0.1375,0.1098,0.1381,0.2852,0.2717,0.2444,0.348,-0.444,나지
385,54,19.431,15.485,7,0.0893,0.0841,0.1098,0.2119,0.2689,0.1795,0.317,-0.432,농경지
386,27,31.866,24.797,15,0.0290,0.0500,0.0240,0.3744,0.1961,0.0486,0.880,-0.764,산림
387,52,22.054,15.470,8,0.0519,0.0800,0.0543,0.3185,0.1706,0.1103,0.709,-0.599,농경지
388,47,12.426,20.656,13,0.0652,0.0925,0.1129,0.2386,0.2301,0.1991,0.358,-0.441,농경지
389,58,19.611,1.288,1,0.0315,0.1034,0.0736,0.2694,0.2702,0.1180,0.571,-0.446,농경지
390,34,30.462,9.573,3,0.0325,0.0571,0.0336,0.3942,0.1787,0.0785,0.843,-0.747,산림
391,60,14.234,34.803,19,0.0533,0.0945,0.0766,0.2772,0.2253,0.0928,0.567,-0.491,농경지
392,102,6.232,3.733,0,0.0806,0.0601,0.0808,0.0872,0.1039,0.0586,0.038,-0.184,갯벌
393,47,13.040,20.840,13,0.0850,0.1113,0.1158,0.2609,0.2523,0.1715,0.385,-0.402,농경지
394,82,6.682,30.528,18,0.0468,0.0698,0.0285,0.0223,0.0192,0.0046,-0.120,0.515,수계
395,49,32.313,12.833,9,0.0729,0.1318,0.0981,0.2360,0.2846,0.1769,0.413,-0.283,농경지
396,83,12.250,4.309,1,0.0853,0.0497,0.0271,0.0146,0.0103,0.0095,-0.299,0.545,수계
397,85,11.971,19.198,7,0.0750,0.0616,0.0298,0.0244,0.0187,0.0046,-0.100,0.433,수계
398,82,6.587,30.332,18,0.0461,0.0541,0.0270,0.0203,0.0113,0.0125,-0.143,0.455,수계
399,82,6.540,30.420,18,0.0492,0.0560,0.0234,0.0270,0.0141,0.0104,0.070,0.350,수계
400,68,25.423,29.220,14,0.1171,0.0929,0.1341,0.2371,0.1876,0.2536,0.278,-0.437,시가지
401,102,6.234,3.609,0,0.0785,0.0702,0.0699,0.1001,0.1115,0.0560,0.178,-0.175,갯벌
402,74,16.793,21.004,13,0.1038,0.1145,0.1195,0.2869,0.3073,0.2166,0.412,-0.430,시가지
403,93,46.124,29.438,16,0.1088,0.1755,0.1409,0.2932,0.3387,0.2351,0.351,-0.251,나지
404,47,12.855,20.858,13,0.0794,0.1069,0.1130,0.2403,0.2463,0.1819,0.360,-0.384,농경지
405,63,24.723,6.040,2,0.0661,0.0727,0.0429,0.2903,0.1985,0.0941,0.743,-0.599,농경지
406,4,33.777,1.282,3,0.0322,0.0524,0.0392,0.3707,0.1548,0.0732,0.809,-0.752,산림
407,58,19.091,0.887,1,0.0342,0.0784,0.0717,0.2836,0.2363,0.1110,0.596,-0.567,농경지
408,4,33.705,1.337,3,0.0298,0.0478,0.0529,0.4364,0.1616,0.0645,0.784,-0.803,산림
409,74,16.803,20.988,13,0.1032,0.1101,0.1281,0.2296,0.2904,0.2218,0.284,-0.352,시가지
410,78,23.632,25.247,14,0.0878,0.1058,0.0995,0.1619,0.2202,0.2107,0.239,-0.210,시가지
411,26,48.801,23.454,16,0.0357,0.0441,0.0242,0.3054,0.1744,0.0738,0.853,-0.748,산림
412,33,32.701,9.982,3,0.0333,0.0528,0.0218,0.3273,0.1449,0.0503,0.875,-0.722,산림
413,78,23.624,25.100,14,0.0743,0.1033,0.1196,0.1611,0.2673,0.1853,0.148,-0.219,시가지
414,90,34.203,30.230,21,0.0452,0.0439,0.0279,0.0182,0.0133,0.0045,-0.210,0.414,수계
415,19,32.470,1.208,3,0.0344,0.0621,0.0332,0.5021,0.0921,0.0648,0.876,-0.780,산림
416,2,32.017,16.291,9,0.0440,0.0497,0.0284,0.3026,0.1978,0.0793,0.828,-0.718,산림
417,24,57.581,26.920,17,0.0285,0.0711,0.0245,0.2996,0.1420,0.0501,0.849,-0.616,산림
418,77,15.862,24.345,13,0.1441,0.0968,0.1631,0.3386,0.2813,0.3357,0.350,-0.555,시가지
419,61,33.391,32.978,21,0.0663,0.0921,0.0833,0.2084,0.2409,0.1107,0.429,-0.387,농경지
420,26,48.460,23.065,16,0.0305,0.0355,0.0210,0.2756,0.1547,0.0813,0.859,-0.772,산림
421,98,36.108,28.128,15,0.1059,0.1722,0.1400,0.2526,0.2977,0.2507,0.287,-0.189,나지
422,78,23.879,24.729,14,0.0886,0.1068,0.1056,0.1520,0.2638,0.2095,0.180,-0.175,시가지
423,45,28.136,30.049,20,0.0768,0.1039,0.1092,0.2496,0.3144,0.1690,0.391,-0.412,농경지
424,18,33.033,17.909,9,0.0217,0.0667,0.0377,0.2934,0.1290,0.0687,0.772,-0.629,산림
425,70,25.763,23.884,14,0.0940,0.1009,0.1142,0.1662,0.2507,0.2564,0.185,-0.244,시가지
426,99,32.325,37.849,21,0.0841,0.1744,0.1412,0.2379,0.2493,0.2353,0.255,-0.154,나지
427,89,42.258,28.472,16,0.0396,0.0563,0.0246,0.0093,0.0082,0.0137,-0.451,0.716,수계
428,59,19.505,1.669,1,0.0452,0.0795,0.0599,0.2599,0.2785,0.1428,0.625,-0.532,농경지
429,21,33.756,33.891,21,0.0283,0.0510,0.0360,0.3187,0.1697,0.0785,0.797,-0.724,산림
430,57,31.897,6.237,3,0.0664,0.0812,0.0472,0.2819,0.2074,0.1287,0.713,-0.553,농경지
431,89,41.856,28.097,16,0.0418,0.0438,0.0319,0.0134,0.0178,0.0150,-0.408,0.532,수계
432,68,25.664,29.435,14,0.1382,0.0758,0.1205,0.2426,0.1739,0.2642,0.336,-0.524,시가지
433,42,38.247,30.014,21,0.0825,0.0857,0.0666,0.2544,0.1961,0.1330,0.585,-0.496,농경지
434,37,24.612,11.642,8,0.0339,0.0764,0.0699,0.2041,0.2168,0.1412,0.490,-0.455,농경지
435,103,5.352,4.358,0,0.0735,0.0799,0.0640,0.1183,0.0609,0.0489,0.298,-0.194,갯벌
436,38,29.271,22.525,14,0.0480,0.0752,0.0485,0.2158,0.2281,0.1872,0.633,-0.483,농경지
437,79,18.967,16.680,7,0.1019,0.1272,0.1112,0.1353,0.2621,0.1822,0.098,-0.031,시가지
438,56,40.783,35.243,22,0.0603,0.0978,0.0553,0.2369,0.2722,0.1460,0.621,-0.416,농경지
439,37,24.859,11.596,8,0.0370,0.0813,0.0586,0.2045,0.2530,0.1324,0.555,-0.431,농경지
440,43,44.965,8.764,4,0.0447,0.0815,0.0525,0.2894,0.2673,0.1397,0.693,-0.561,농경지
441,20,43.177,26.517,16,0.0269,0.0440,0.0180,0.2442,0.1687,0.0576,0.863,-0.695,산림
442,52,22.230,14.972,8,0.0546,0.0784,0.0500,0.2836,0.1492,0.1230,0.700,-0.567,농경지
443,13,59.024,34.971,23,0.0339,0.0613,0.0301,0.2275,0.1513,0.0739,0.767,-0.575,산림
444,58,19.665,0.847,1,0.0532,0.0956,0.0699,0.2678,0.2501,0.1066,0.586,-0.474,농경지
445,89,41.988,28.125,16,0.0301,0.0484,0.0261,0.0199,0.0195,0.0117,-0.133,0.417,수계
446,72,23.789,12.509,8,0.0958,0.0838,0.1168,0.1922,0.2468,0.2047,0.244,-0.393,시가지
447,18,32.501,17.727,9,0.0238,0.0641,0.0281,0.2838,0.1267,0.0623,0.820,-0.631,산림
448,11,49.384,2.758,4,0.0328,0.0353,0.0305,0.3238,0.1803,0.0650,0.828,-0.803,산림
449,73,27.052,26.170,14,0.0538,0.0912,0.1183,0.2918,0.2817,0.1866,0.423,-0.524,시가지
450,79,19.736,16.369,7,0.1123,0.1351,0.1036,0.1469,0.2520,0.2118,0.173,-0.042,시가지
451,100,43.171,10.087,10,0.1417,0.1781,0.1583,0.2604,0.2530,0.2556,0.244,-0.188,나지
452,59,19.251,2.338,1,0.0480,0.0812,0.0574,0.2629,0.3109,0.1322,0.642,-0.528,농경지
453,53,13.648,32.441,19,0.0593,0.0874,0.0484,0.2718,0.2198,0.1310,0.698,-0.513,농경지
454,24,57.581,25.910,17,0.0357,0.0753,0.0282,0.3397,0.1246,0.0460,0.847,-0.637,산림
455,72,23.976,12.198,8,0.1056,0.0973,0.1422,0.1957,0.2792,0.2140,0.158,-0.336,시가지
456,43,44.687,8.746,4,0.0499,0.0690,0.0578,0.3303,0.2643,0.1535,0.702,-0.654,농경지
457,42,38.343,30.234,21,0.0784,0.1011,0.0459,0.3020,0.2364,0.1328,0.736,-0.498,농경지
458,102,5.737,3.317,0,0.0745,0.0674,0.0763,0.0919,0.0995,0.0457,0.093,-0.154,갯벌
459,91,54.254,2.530,5,0.0656,0.0450,0.0293,0.0155,0.0110,0.0014,-0.307,0.488,수계
460,35,33.937,0.441,3,0.0494,0.0931,0.0628,0.2759,0.3025,0.1203,0.629,-0.496,농경지
461,67,26.314,15.292,8,0.0938,0.0790,0.1343,0.2250,0.2002,0.1931,0.252,-0.480,시가지
462,101,2.637,37.480,18,0.1043,0.0985,0.0739,0.0905,0.0708,0.0512,0.101,0.042,갯벌
463,91,54.512,2.539,5,0.0639,0.0424,0.0321,0.0188,0.0109,0.0128,-0.262,0.386,수계
464,82,6.325,30.578,18,0.0529,0.0579,0.0289,0.0130,0.0222,0.0010,-0.379,0.633,수계
465,95,30.904,19.859,9,0.0973,0.1280,0.1411,0.2084,0.2670,0.2975,0.192,-0.239,나지
466,20,43.031,26.126,16,0.0272,0.0518,0.0186,0.2361,0.1678,0.0542,0.854,-0.640,산림
467,70,26.195,23.711,14,0.0936,0.1085,0.1187,0.1780,0.2503,0.2677,0.200,-0.243,시가지
468,32,40.602,17.560,10,0.0274,0.0422,0.0415,0.3711,0.2250,0.0936,0.799,-0.796,산림
469,7,36.198,36.657,21,0.0142,0.0455,0.0309,0.2818,0.1858,0.0637,0.803,-0.722,산림
470,99,32.727,38.036,21,0.0956,0.1733,0.1693,0.3007,0.2625,0.2931,0.280,-0.269,나지
471,40,19.981,35.672,19,0.0862,0.1170,0.1200,0.2325,0.2198,0.1663,0.319,-0.330,농경지
472,82,6.452,30.439,18,0.0477,0.0705,0.0231,0.0278,0.0128,0.0115,0.092,0.435,수계
473,60,14.920,34.968,19,0.0543,0.1065,0.0771,0.2437,0.2231,0.1001,0.519,-0.392,농경지
474,97,18.520,21.314,13,0.1054,0.1301,0.1664,0.2221,0.2759,0.2704,0.143,-0.261,나지
475,42,38.269,29.813,15,0.0818,0.1006,0.0607,0.2614,0.1722,0.1064,0.623,-0.444,농경지
476,98,35.904,27.679,15,0.1241,0.1535,0.1383,0.2414,0.2439,0.2242,0.272,-0.223,나지
477,42,38.598,29.712,15,0.0774,0.1096,0.0530,0.2578,0.1931,0.1176,0.659,-0.404,농경지
478,37,24.952,12.067,8,0.0261,0.0829,0.0680,0.2247,0.2463,0.1414,0.536,-0.461,농경지
479,83,12.406,4.553,1,0.0808,0.0401,0.0233,0.0138,0.0158,0.0076,-0.254,0.487,수계
480,40,19.912,36.262,19,0.0858,0.1194,0.1044,0.2206,0.2592,0.1558,0.358,-0.298,농경지
481,13,59.195,34.770,23,0.0274,0.0558,0.0239,0.2025,0.1841,0.0710,0.789,-0.568,산림
482,54,18.704,15.676,7,0.0704,0.0956,0.1001,0.2254,0.2301,0.1908,0.385,-0.405,농경지
483,78,23.213,24.819,14,0.0852,0.1034,0.1111,0.1696,0.2280,0.1737,0.209,-0.242,시가지
484,15,52.469,13.031,11,0.0285,0.0632,0.0328,0.3864,0.1662,0.0464,0.843,-0.719,산림
485,99,32.513,37.817,21,0.0973,0.1696,0.1528,0.2679,0.2201,0.2761,0.274,-0.225,나지
486,67,26.347,15.441,8,0.0936,0.0998,0.1251,0.2204,0.2005,0.1974,0.276,-0.377,시가지
487,51,22.356,0.133,2,0.0347,0.0895,0.0841,0.3376,0.1620,0.1232,0.601,-0.581,농경지
488,43,44.369,9.057,4,0.0502,0.0743,0.0590,0.2917,0.2619,0.1551,0.663,-0.594,농경지
489,62,30.180,19.002,9,0.0470,0.0883,0.0541,0.2174,0.1834,0.0891,0.601,-0.422,농경지
490,2,32.118,16.068,9,0.0417,0.0513,0.0333,0.3236,0.2158,0.0786,0.813,-0.726,산림
491,25,37.445,4.673,3,0.0328,0.0361,0.0190,0.3292,0.1902,0.0582,0.891,-0.802,산림
492,22,44.144,30.701,22,0.0280,0.0352,0.0216,0.2565,0.1530,0.0617,0.845,-0.759,산림
493,55,15.855,19.457,7,0.0456,0.0860,0.0575,0.1987,0.2000,0.1300,0.551,-0.396,농경지
494,80,33.092,27.190,15,0.1470,0.1105,0.1205,0.2077,0.2730,0.2072,0.266,-0.306,시가지
495,33,32.801,10.351,9,0.0363,0.0404,0.0263,0.3819,0.1558,0.0381,0.871,-0.808,산림
496,38,29.323,22.709,14,0.0600,0.0798,0.0571,0.2181,0.2233,0.1694,0.585,-0.464,농경지
497,40,19.798,35.248,19,0.0794,0.1061,0.1116,0.2766,0.2701,0.1681,0.425,-0.445,농경지
498,61,33.996,32.878,21,0.0739,0.0692,0.0797,0.2390,0.2093,0.1143,0.500,-0.551,농경지
499,43,45.267,8.806,4,0.0479,0.0742,0.0539,0.2668,0.2627,0.1395,0.664,-0.565,농경지
500,63,24.982,5.926,2,0.0668,0.0773,0.0457,0.3279,0.1964,0.0858,0.755,-0.618,농경지
501,7,36.130,36.304,21,0.0161,0.0375,0.0285,0.3174,0.1802,0.0566,0.835,-0.789,산림
502,94,37.498,27.698,15,0.1203,0.1043,0.1214,0.2843,0.2882,0.1863,0.402,-0.463,나지
503,67,26.469,15.682,8,0.0994,0.0825,0.1274,0.2422,0.2176,0.1939,0.310,-0.492,시가지
504,67,26.159,15.389,8,0.0837,0.0999,0.1347,0.2161,0.1800,0.1855,0.232,-0.367,시가지
505,21,33.867,33.895,21,0.0450,0.0624,0.0357,0.3042,0.2095,0.1024,0.790,-0.660,산림
506,83,12.592,4.792,1,0.0696,0.0459,0.0293,0.0184,0.0064,0.0105,-0.228,0.428,수계
507,10,33.750,6.588,3,0.0307,0.0430,0.0312,0.2986,0.1586,0.0525,0.811,-0.748,산림
508,50,22.475,25.211,14,0.0582,0.0819,0.0748,0.2320,0.1509,0.1496,0.512,-0.478,농경지
509,54,19.233,15.329,7,0.0708,0.0943,0.1128,0.2375,0.2756,0.1623,0.356,-0.432,농경지
510,100,43.424,9.780,4,0.1249,0.1820,0.1479,0.2642,0.2516,0.2583,0.282,-0.184,나지
511,43,45.011,8.978,4,0.0551,0.0574,0.0588,0.2897,0.2423,0.1510,0.663,-0.669,농경지
512,28,34.682,16.854,9,0.0361,0.0697,0.0217,0.2510,0.2031,0.0445,0.841,-0.565,산림
513,85,11.632,19.426,7,0.0794,0.0612,0.0240,0.0197,0.0202,0.0098,-0.100,0.514,수계
514,90,34.845,30.972,21,0.0505,0.0625,0.0292,0.0176,0.0062,0.0063,-0.248,0.560,수계
515,54,19.080,15.316,7,0.0787,0.0996,0.1016,0.2423,0.2356,0.1759,0.409,-0.417,농경지
516,40,19.972,35.258,19,0.0835,0.1174,0.1105,0.2337,0.2553,0.1541,0.358,-0.331,농경지
517,1,32.862,9.720,3,0.0291,0.0476,0.0313,0.2987,0.1104,0.0676,0.810,-0.725,산림
518,91,54.203,2.786,5,0.0557,0.0505,0.0373,0.0201,0.0217,0.0033,-0.299,0.430,수계
519,6,32.097,21.130,15,0.0229,0.0653,0.0346,0.3454,0.1465,0.0764,0.818,-0.682,산림
520,18,32.754,17.552,9,0.0249,0.0535,0.0272,0.2944,0.1404,0.0682,0.831,-0.692,산림
521,86,21.674,38.350,20,0.0692,0.0573,0.0257,0.0164,0.0125,0.0070,-0.223,0.556,수계
522,104,5.842,17.970,6,0.0471,0.0640,0.0824,0.1734,0.0851,0.0509,0.356,-0.461,갯벌
523,14,42.172,39.451,22,0.0175,0.0464,0.0343,0.2836,0.1640,0.0882,0.784,-0.719,산림
524,70,25.818,24.127,14,0.0859,0.1026,0.1168,0.1896,0.2376,0.2683,0.237,-0.298,시가지
525,95,31.362,20.609,15,0.0979,0.1252,0.1553,0.2137,0.2572,0.2762,0.158,-0.261,나지
526,52,22.273,15.458,8,0.0483,0.0720,0.0571,0.3238,0.1715,0.1144,0.700,-0.636,농경지
527,75,20.116,29.509,14,0.0979,0.1081,0.1711,0.1849,0.2304,0.1639,0.039,-0.262,시가지
528,85,12.017,19.337,7,0.0955,0.0534,0.0333,0.0206,0.0133,0.0025,-0.235,0.443,수계
529,76,24.791,22.205,14,0.0919,0.1035,0.0835,0.2156,0.3252,0.2233,0.442,-0.351,시가지
530,95,30.482,20.481,15,0.1145,0.1204,0.1212,0.2037,0.2963,0.2380,0.254,-0.257,나지
531,104,5.918,17.651,6,0.0617,0.0674,0.0774,0.1501,0.0740,0.0516,0.320,-0.380,갯벌
532,70,25.993,23.617,14,0.0937,0.1182,0.1208,0.1528,0.2599,0.2499,0.117,-0.128,시가지
533,85,12.162,19.824,7,0.0828,0.0624,0.0327,0.0189,0.0188,0.0093,-0.268,0.535,수계
534,72,24.007,12.790,8,0.1022,0.0971,0.1322,0.1658,0.2663,0.2067,0.113,-0.261,시가지
535,83,12.568,4.453,1,0.0635,0.0489,0.0308,0.0148,0.0113,0.0038,-0.352,0.536,수계
536,32,40.697,17.962,10,0.0236,0.0373,0.0468,0.3918,0.2303,0.0842,0.787,-0.826,산림
537,69,23.672,24.841,14,0.1100,0.1207,0.1159,0.2152,0.1973,0.2404,0.300,-0.281,시가지
538,94,37.498,28.118,15,0.1568,0.0975,0.1390,0.3061,0.2726,0.2175,0.376,-0.517,나지
539,7,36.215,36.884,21,0.0184,0.0480,0.0326,0.3381,0.1628,0.0627,0.824,-0.751,산림
540,73,26.919,25.935,14,0.0616,0.0987,0.0985,0.2982,0.2685,0.1632,0.503,-0.502,시가지
541,28,34.700,17.011,9,0.0298,0.0599,0.0373,0.2736,0.1980,0.0589,0.760,-0.641,산림
542,69,23.642,25.227,14,0.1026,0.1145,0.1424,0.2111,0.1716,0.2386,0.194,-0.297,시가지
543,23,57.676,27.686,17,0.0366,0.0563,0.0306,0.2673,0.1762,0.0643,0.795,-0.652,산림
544,74,16.851,20.579,13,0.0852,0.1213,0.1118,0.2605,0.2665,0.2433,0.399,-0.365,시가지
545,97,18.644,21.331,13,0.1016,0.1346,0.1486,0.2125,0.2921,0.2674,0.177,-0.224,나지
546,75,19.954,29.633,13,0.0964,0.0998,0.1679,0.1930,0.2392,0.1422,0.069,-0.318,시가지
547,89,42.088,28.276,16,0.0471,0.0489,0.0283,0.0185,0.0104,0.0075,-0.208,0.450,수계
548,103,4.573,5.076,0,0.0727,0.0781,0.0709,0.0969,0.0821,0.0590,0.154,-0.107,갯벌
549,60,14.521,35.077,19,0.0468,0.1274,0.0798,0.2511,0.2122,0.0863,0.518,-0.327,농경지
550,100,43.197,10.115,10,0.1254,0.1685,0.1431,0.2593,0.2341,0.2480,0.289,-0.212,나지
551,99,32.170,37.252,21,0.0963,0.1750,0.1574,0.2693,0.2613,0.2355,0.262,-0.212,나지
552,35,33.930,0.533,3,0.0571,0.0856,0.0624,0.2537,0.3144,0.1113,0.605,-0.495,농경지
553,34,30.190,9.428,3,0.0278,0.0416,0.0279,0.4390,0.1591,0.0822,0.880,-0.827,산림
554,23,57.439,27.313,17,0.0282,0.0476,0.0349,0.2471,0.1799,0.0649,0.752,-0.677,산림
555,7,36.326,36.499,21,0.0101,0.0495,0.0311,0.3325,0.1743,0.0558,0.829,-0.741,산림
556,5,33.657,29.043,15,0.0317,0.0724,0.0299,0.3620,0.1450,0.0676,0.847,-0.667,산림
557,38,29.361,22.678,14,0.0551,0.0790,0.0528,0.2127,0.2222,0.1418,0.602,-0.458,농경지
558,92,35.436,15.687,9,0.0532,0.0578,0.0341,0.0248,0.0100,0.0088,-0.158,0.400,수계
559,2,31.788,16.526,9,0.0396,0.0521,0.0335,0.3560,0.2305,0.0743,0.828,-0.745,산림
560,81,48.969,1.513,4,0.0536,0.0436,0.0411,0.0294,0.0165,0.0155,-0.166,0.194,수계
561,98,35.956,27.807,15,0.1082,0.1701,0.1418,0.2592,0.2759,0.2508,0.293,-0.208,나지
562,44,18.886,22.313,13,0.0431,0.0690,0.0894,0.2983,0.2803,0.1313,0.539,-0.624,농경지
563,82,6.575,30.573,18,0.0533,0.0682,0.0267,0.0242,0.0099,0.0104,-0.048,0.476,수계
564,4,33.456,1.256,3,0.0245,0.0577,0.0420,0.3885,0.1529,0.0680,0.805,-0.741,산림
565,47,12.879,20.842,13,0.0890,0.1043,0.1239,0.2460,0.2492,0.1994,0.330,-0.405,농경지
566,77,16.260,24.181,13,0.1263,0.1168,0.1785,0.2779,0.3050,0.3041,0.218,-0.408,시가지
567,7,37.047,36.339,21,0.0180,0.0435,0.0297,0.3247,0.1597,0.0519,0.833,-0.764,산림
568,26,48.331,22.897,16,0.0397,0.0520,0.0281,0.3032,0.1588,0.0802,0.830,-0.707,산림
569,39,17.535,34.011,19,0.0511,0.0900,0.0725,0.2576,0.2273,0.0966,0.561,-0.482,농경지
570,20,42.598,26.385,16,0.0268,0.0399,0.0203,0.2818,0.1903,0.0544,0.866,-0.752,산림
571,65,24.661,19.248,8,0.0986,0.0947,0.1211,0.2459,0.2053,0.2401,0.340,-0.444,시가지
572,24,57.667,26.648,17,0.0343,0.0604,0.0326,0.3247,0.1544,0.0412,0.817,-0.686,산림
573,81,48.643,1.906,4,0.0478,0.0464,0.0375,0.0151,0.0143,0.0128,-0.425,0.508,수계
574,28,34.388,16.542,9,0.0338,0.0570,0.0273,0.2724,0.1821,0.0448,0.818,-0.654,산림
575,29,34.041,5.148,3,0.0335,0.0463,0.0311,0.1917,0.1404,0.0754,0.721,-0.611,산림
576,30,32.328,23.287,15,0.0278,0.0586,0.0367,0.3978,0.1427,0.0687,0.831,-0.743,산림
577,82,6.348,30.308,18,0.0467,0.0718,0.0285,0.0291,0.0070,0.0078,0.010,0.423,수계
578,5,34.148,28.677,15,0.0320,0.0719,0.0342,0.3298,0.1351,0.0610,0.812,-0.642,산림
579,103,4.610,4.515,0,0.0524,0.0742,0.0680,0.0922,0.0685,0.0552,0.151,-0.108,갯벌
580,43,44.768,9.085,4,0.0521,0.0722,0.0670,0.2862,0.2500,0.1363,0.621,-0.597,농경지
581,92,35.727,15.649,9,0.0575,0.0566,0.0418,0.0217,0.0190,0.0079,-0.316,0.446,수계
582,103,4.746,5.046,0,0.0727,0.0849,0.0652,0.1035,0.0743,0.0617,0.226,-0.098,갯벌
583,80,32.278,26.919,15,0.1192,0.1285,0.1000,0.2120,0.2792,0.2271,0.359,-0.245,시가지
584,87,10.275,3.428,1,0.0522,0.0588,0.0130,0.0136,0.0073,0.0069,0.019,0.626,수계
585,29,34.099,5.369,3,0.0317,0.0416,0.0216,0.1926,0.1419,0.0715,0.798,-0.645,산림
586,28,34.721,16.891,9,0.0415,0.0701,0.0398,0.2757,0.2093,0.0572,0.747,-0.595,산림
587,64,37.145,20.368,15,0.0371,0.0803,0.0593,0.3367,0.2324,0.1684,0.700,-0.615,농경지
588,43,44.650,8.935,4,0.0469,0.0766,0.0606,0.2851,0.2554,0.1074,0.649,-0.576,농경지
589,35,33.457,0.595,3,0.0532,0.0901,0.0621,0.2549,0.2852,0.1126,0.608,-0.478,농경지
590,57,31.798,5.773,3,0.0792,0.0763,0.0507,0.2992,0.1925,0.1206,0.710,-0.594,농경지
591,86,21.420,39.103,20,0.0654,0.0607,0.0150,0.0110,0.0176,0.0162,-0.153,0.692,수계
592,64,37.103,20.353,15,0.0318,0.0843,0.0591,0.2860,0.3159,0.1633,0.658,-0.545,농경지
593,36,23.315,38.292,20,0.0528,0.0616,0.0848,0.3284,0.2032,0.0961,0.590,-0.684,농경지
594,20,43.086,26.289,16,0.0304,0.0457,0.0201,0.2549,0.1667,0.0567,0.854,-0.696,산림
595,100,43.030,10.420,10,0.1247,0.1670,0.1583,0.2535,0.2600,0.2485,0.231,-0.206,나지
596,50,22.726,25.524,14,0.0606,0.0731,0.0670,0.2140,0.1340,0.1194,0.523,-0.491,농경지
597,18,32.967,18.058,9,0.0261,0.0595,0.0336,0.2867,0.1209,0.0717,0.790,-0.656,산림
598,11,49.982,2.735,4,0.0259,0.0327,0.0263,0.3149,0.1776,0.0790,0.846,-0.812,산림
599,28,34.994,17.261,9,0.0357,0.0741,0.0327,0.2591,0.2323,0.0556,0.776,-0.555,산림
600,83,12.726,4.237,1,0.0611,0.0602,0.0399,0.0146,0.0057,0.0070,-0.464,0.609,수계
601,76,24.730,21.829,14,0.0923,0.0941,0.0888,0.2038,0.3148,0.2348,0.393,-0.368,시가지
602,77,15.888,24.196,13,0.1276,0.1144,0.1628,0.3201,0.2846,0.3375,0.326,-0.474,시가지
603,23,57.373,27.654,17,0.0221,0.0474,0.0317,0.2292,0.1670,0.0624,0.757,-0.657,산림
604,30,32.548,23.116,15,0.0263,0.0625,0.0306,0.4148,0.1248,0.0699,0.863,-0.738,산림
605,42,38.388,30.070,21,0.0833,0.1144,0.0553,0.2710,0.1890,0.1100,0.661,-0.406,농경지
606,87,10.238,3.086,1,0.0583,0.0560,0.0207,0.0157,0.0098,0.0120,-0.136,0.561,수계
607,17,59.359,20.110,17,0.0188,0.0516,0.0438,0.4125,0.1663,0.0566,0.808,-0.778,산림
608,42,38.095,29.639,15,0.0779,0.1006,0.0412,0.2846,0.1872,0.1132,0.747,-0.478,농경지
609,11,49.967,2.825,4,0.0347,0.0307,0.0293,0.3383,0.1922,0.0762,0.840,-0.833,산림
610,56,41.154,34.654,22,0.0476,0.0824,0.0588,0.2293,0.2876,0.1756,0.592,-0.471,농경지
611,45,27.411,30.009,20,0.0883,0.0940,0.1064,0.2402,0.3074,0.1592,0.386,-0.438,농경지
612,23,57.277,27.622,17,0.0247,0.0452,0.0234,0.2645,0.1831,0.0562,0.837,-0.708,산림
613,39,17.824,34.264,19,0.0493,0.0890,0.0723,0.2546,0.2591,0.0942,0.558,-0.482,농경지
614,70,26.289,23.325,14,0.0842,0.0933,0.1192,0.1865,0.2375,0.2670,0.220,-0.333,시가지
615,88,52.858,28.054,17,0.0868,0.0571,0.0265,0.0340,0.0083,0.0136,0.124,0.254,수계
616,74,16.871,20.533,13,0.1041,0.1072,0.1468,0.2763,0.2769,0.2278,0.306,-0.441,시가지
617,45,27.460,30.416,20,0.0752,0.1031,0.1256,0.2591,0.3156,0.1744,0.347,-0.431,농경지
618,18,32.932,17.298,9,0.0282,0.0524,0.0319,0.2857,0.1298,0.0689,0.799,-0.690,산림
619,24,57.134,26.179,17,0.0288,0.0649,0.0288,0.2963,0.1414,0.0446,0.823,-0.640,산림
620,85,12.073,19.318,7,0.0749,0.0575,0.0141,0.0195,0.0018,0.0158,0.162,0.493,수계
621,33,32.815,10.414,9,0.0309,0.0497,0.0223,0.3407,0.1466,0.0454,0.877,-0.745,산림
622,44,18.149,22.635,13,0.0501,0.0771,0.0694,0.3490,0.2372,0.1045,0.668,-0.638,농경지
623,28,34.399,17.373,9,0.0399,0.0607,0.0317,0.2530,0.1961,0.0560,0.777,-0.613,산림
624,16,57.119,14.948,11,0.0295,0.0636,0.0351,0.4050,0.1686,0.0541,0.840,-0.729,산림
625,16,57.305,14.816,11,0.0301,0.0578,0.0268,0.3927,0.1651,0.0426,0.872,-0.744,산림
626,1,32.468,9.434,3,0.0325,0.0436,0.0262,0.3186,0.1027,0.0687,0.848,-0.759,산림
627,44,18.412,23.044,13,0.0437,0.0818,0.0783,0.3459,0.2210,0.1220,0.631,-0.617,농경지
628,94,37.539,27.575,15,0.1460,0.1035,0.1382,0.2856,0.2466,0.2122,0.348,-0.468,나지
629,79,19.673,16.915,7,0.1013,0.1272,0.1048,0.1213,0.2993,0.1920,0.073,0.024,시가지
630,25,37.989,4.492,3,0.0316,0.0365,0.0140,0.2961,0.1673,0.0663,0.910,-0.781,산림
631,22,44.520,30.429,22,0.0252,0.0385,0.0369,0.2249,0.1336,0.0568,0.718,-0.707,산림
632,77,15.852,23.771,13,0.1131,0.0834,0.1834,0.2923,0.2958,0.3460,0.229,-0.556,시가지
633,81,49.003,0.930,4,0.0411,0.0416,0.0382,0.0217,0.0215,0.0083,-0.276,0.314,수계
634,24,57.475,26.626,17,0.0376,0.0632,0.0318,0.3213,0.1526,0.0473,0.820,-0.671,산림
635,6,32.345,20.630,15,0.0262,0.0624,0.0229,0.3934,0.1478,0.0678,0.890,-0.726,산림
636,37,24.650,11.217,8,0.0362,0.0814,0.0696,0.2460,0.2539,0.1364,0.559,-0.503,농경지
637,87,10.169,3.515,1,0.0505,0.0522,0.0266,0.0050,0.0122,0.0075,-0.684,0.825,수계
638,90,34.993,30.636,21,0.0611,0.0402,0.0247,0.0205,0.0138,0.0075,-0.092,0.324,수계
639,97,18.588,21.785,13,0.1005,0.1301,0.1555,0.1968,0.2749,0.2695,0.117,-0.204,나지
640,57,30.970,5.538,3,0.0751,0.0892,0.0594,0.2636,0.1830,0.1484,0.632,-0.494,농경지
641,93,46.619,28.960,16,0.1058,0.1725,0.1549,0.2780,0.3259,0.2067,0.284,-0.234,나지
642,15,52.559,12.877,11,0.0327,0.0542,0.0328,0.3698,0.1642,0.0463,0.837,-0.744,산림
643,97,18.869,21.313,13,0.0999,0.1269,0.1438,0.2305,0.2830,0.2435,0.231,-0.290,나지
644,16,57.379,15.218,11,0.0295,0.0491,0.0359,0.3466,0.1730,0.0491,0.812,-0.752,산림
645,102,6.076,3.255,0,0.0802,0.0683,0.0720,0.1149,0.1095,0.0516,0.229,-0.255,갯벌
646,24,57.070,26.209,17,0.0277,0.0620,0.0326,0.3247,0.1452,0.0419,0.817,-0.679,산림
647,42,38.666,29.937,15,0.0725,0.1071,0.0534,0.2763,0.1954,0.1149,0.676,-0.441,농경지
648,12,31.918,4.963,3,0.0273,0.0446,0.0273,0.2862,0.1748,0.0924,0.826,-0.731,산림
649,61,33.246,33.309,21,0.0650,0.0748,0.0874,0.2197,0.2189,0.1204,0.431,-0.492,농경지
650,92,35.881,15.566,9,0.0579,0.0430,0.0390,0.0072,0.0137,0.0083,-0.688,0.713,수계
651,63,25.120,5.958,2,0.0501,0.0679,0.0445,0.2875,0.2046,0.0898,0.732,-0.618,농경지
652,26,48.651,23.279,16,0.0329,0.0399,0.0210,0.2779,0.1822,0.0852,0.859,-0.749,산림
653,17,59.491,19.945,11,0.0189,0.0516,0.0387,0.4279,0.1882,0.0577,0.834,-0.785,산림
654,54,19.551,15.844,7,0.0755,0.1042,0.1000,0.2517,0.2258,0.2118,0.432,-0.414,농경지
655,20,43.100,26.048,16,0.0138,0.0457,0.0278,0.2744,0.1605,0.0522,0.816,-0.715,산림
656,11,49.463,2.752,4,0.0350,0.0391,0.0270,0.3618,0.1869,0.0664,0.861,-0.805,산림
657,21,33.709,34.765,21,0.0246,0.0614,0.0319,0.3160,0.1733,0.0976,0.817,-0.675,산림
658,101,2.964,38.062,18,0.1037,0.0848,0.0775,0.0979,0.0735,0.0526,0.116,-0.072,갯벌
659,44,18.720,22.805,13,0.0444,0.0683,0.0850,0.2908,0.2386,0.1230,0.548,-0.620,농경지
660,42,38.784,29.834,15,0.0975,0.0938,0.0565,0.2564,0.1824,0.1125,0.639,-0.464,농경지
661,56,40.867,34.729,22,0.0516,0.0842,0.0612,0.2530,0.2780,0.1616,0.611,-0.500,농경지
662,32,40.812,17.557,10,0.0300,0.0415,0.0422,0.3702,0.2096,0.0937,0.795,-0.798,산림
663,47,13.047,20.876,13,0.0748,0.1140,0.1188,0.2575,0.2397,0.1859,0.369,-0.386,농경지
664,68,25.471,29.632,14,0.1053,0.0859,0.1035,0.2259,0.2059,0.2597,0.372,-0.449,시가지
665,22,44.428,30.559,22,0.0221,0.0388,0.0240,0.2474,0.1448,0.0544,0.823,-0.729,산림
666,72,24.039,12.090,8,0.1166,0.0803,0.1213,0.1665,0.2914,0.2028,0.157,-0.349,시가지
667,36,23.378,38.013,20,0.0424,0.0773,0.1002,0.3406,0.2290,0.0870,0.545,-0.630,농경지
668,47,12.780,20.309,13,0.0744,0.1203,0.1461,0.2642,0.2838,0.1878,0.288,-0.374,농경지
669,29,34.525,5.376,3,0.0269,0.0433,0.0249,0.2279,0.1515,0.0953,0.803,-0.680,산림
670,6,32.469,21.461,15,0.0250,0.0634,0.0319,0.3797,0.1432,0.0722,0.845,-0.714,산림
671,77,15.915,24.312,13,0.1234,0.1078,0.1831,0.2946,0.2950,0.3452,0.234,-0.464,시가지
672,57,31.974,5.861,3,0.0688,0.0804,0.0489,0.2939,0.1904,0.1360,0.715,-0.571,농경지
673,24,57.349,26.630,17,0.0326,0.0725,0.0270,0.3139,0.1469,0.0584,0.841,-0.625,산림
674,84,20.575,19.572,8,0.0629,0.0487,0.0208,0.0359,0.0116,0.0040,0.266,0.152,수계
675,98,36.050,27.196,15,0.1268,0.1672,0.1358,0.2562,0.2838,0.2486,0.307,-0.210,나지
676,100,43.462,9.782,4,0.1059,0.1851,0.1473,0.2361,0.2538,0.2340,0.231,-0.121,나지
677,62,30.435,19.290,9,0.0468,0.0922,0.0478,0.2097,0.2443,0.0928,0.629,-0.389,농경지
678,19,32.857,1.872,3,0.0407,0.0551,0.0340,0.5299,0.1109,0.0653,0.879,-0.812,산림
679,4,33.783,1.407,3,0.0334,0.0486,0.0513,0.4750,0.1473,0.0623,0.805,-0.814,산림
680,83,12.242,4.697,1,0.0655,0.0457,0.0232,0.0242,0.0103,0.0115,0.021,0.308,수계
681,91,54.668,2.626,5,0.0510,0.0493,0.0305,0.0181,0.0126,0.0075,-0.256,0.463,수계
682,42,38.565,30.021,21,0.0839,0.0938,0.0651,0.2620,0.2033,0.1278,0.602,-0.473,농경지
683,62,30.220,19.630,9,0.0544,0.0845,0.0435,0.2066,0.2403,0.0920,0.652,-0.419,농경지
684,102,6.159,3.378,0,0.0764,0.0664,0.0770,0.0961,0.0967,0.0547,0.110,-0.183,갯벌
685,2,32.505,16.327,9,0.0360,0.0527,0.0373,0.3897,0.2071,0.0702,0.825,-0.762,산림
686,12,31.914,4.829,3,0.0185,0.0404,0.0303,0.3147,0.1589,0.0936,0.824,-0.773,산림
687,60,15.040,35.006,19,0.0429,0.1111,0.0795,0.2487,0.2258,0.0923,0.515,-0.382,농경지
688,30,32.028,23.454,15,0.0292,0.0543,0.0331,0.3902,0.1336,0.0752,0.843,-0.756,산림
689,50,22.976,26.049,14,0.0763,0.0817,0.0756,0.2348,0.1379,0.1342,0.513,-0.484,농경지
690,43,45.128,8.943,4,0.0432,0.0697,0.0560,0.2595,0.2839,0.1481,0.645,-0.577,농경지
691,79,20.011,17.226,8,0.0957,0.1217,0.1002,0.1483,0.2696,0.1921,0.193,-0.098,시가지
692,28,34.234,16.765,9,0.0351,0.0608,0.0357,0.2690,0.1927,0.0572,0.765,-0.631,산림
693,67,26.244,15.181,8,0.0891,0.0913,0.1269,0.2402,0.1949,0.1902,0.309,-0.449,시가지
694,73,26.727,25.705,14,0.0657,0.1006,0.0977,0.3017,0.2751,0.2001,0.511,-0.500,시가지
695,90,34.601,30.540,21,0.0507,0.0528,0.0251,0.0210,0.0128,0.0071,-0.087,0.430,수계
696,103,4.763,4.356,0,0.0520,0.0713,0.0702,0.1014,0.0744,0.0538,0.182,-0.174,갯벌
697,78,23.580,24.560,14,0.0929,0.1260,0.0868,0.1705,0.2173,0.2216,0.325,-0.150,시가지
698,99,32.373,37.555,21,0.0910,0.1649,0.1714,0.2745,0.2615,0.2377,0.231,-0.249,나지
699,9,54.115,7.234,5,0.0263,0.0356,0.0290,0.2702,0.1861,0.0715,0.806,-0.767,산림
700,77,15.802,24.484,13,0.1293,0.0962,0.1574,0.2681,0.3239,0.2959,0.260,-0.472,시가지
701,83,12.065,4.743,1,0.0796,0.0465,0.0307,0.0172,0.0086,0.0071,-0.283,0.461,수계
702,17,59.191,20.249,17,0.0236,0.0613,0.0393,0.4205,0.1499,0.0585,0.829,-0.746,산림
703,103,4.602,4.353,0,0.0607,0.0725,0.0603,0.1122,0.0667,0.0470,0.301,-0.215,갯벌
704,1,32.706,9.078,3,0.0302,0.0494,0.0278,0.2862,0.1200,0.0553,0.823,-0.705,산림
705,88,52.483,28.753,17,0.0750,0.0525,0.0285,0.0261,0.0110,0.0010,-0.045,0.336,수계
706,80,32.684,26.806,15,0.1328,0.1032,0.1086,0.2108,0.2576,0.2394,0.320,-0.343,시가지
707,9,54.194,7.366,5,0.0227,0.0444,0.0209,0.2898,0.1734,0.0717,0.865,-0.734,산림
708,9,54.388,7.387,5,0.0331,0.0441,0.0215,0.2838,0.1677,0.0711,0.859,-0.731,산림
709,33,33.371,10.298,9,0.0265,0.0453,0.0272,0.3301,0.1374,0.0448,0.848,-0.759,산림
710,104,6.087,17.690,6,0.0546,0.0619,0.0720,0.1603,0.0801,0.0584,0.380,-0.443,갯벌
711,77,15.963,24.399,13,0.1101,0.0997,0.1629,0.2771,0.3141,0.3040,0.259,-0.471,시가지
712,9,54.292,7.305,5,0.0263,0.0313,0.0299,0.2907,0.1831,0.0706,0.814,-0.805,산림
713,104,6.586,17.818,6,0.0464,0.0711,0.0852,0.1817,0.0791,0.0532,0.362,-0.437,갯벌
714,34,30.689,9.787,3,0.0270,0.0549,0.0231,0.3388,0.1628,0.0958,0.872,-0.721,산림
715,34,30.324,9.733,3,0.0267,0.0479,0.0325,0.4006,0.1670,0.0844,0.850,-0.786,산림
716,84,20.832,19.398,8,0.0703,0.0555,0.0305,0.0263,0.0084,0.0067,-0.075,0.357,수계
717,31,52.310,32.537,23,0.0342,0.0582,0.0269,0.3054,0.1550,0.0671,0.838,-0.680,산림
718,17,59.549,19.991,11,0.0215,0.0519,0.0384,0.4483,0.1790,0.0622,0.842,-0.792,산림
719,17,58.666,20.038,17,0.0302,0.0607,0.0244,0.3910,0.1635,0.0606,0.882,-0.731,산림
720,73,27.133,25.777,14,0.0531,0.1074,0.1043,0.2931,0.2436,0.1932,0.475,-0.464,시가지
721,89,41.992,28.105,16,0.0396,0.0566,0.0252,0.0105,0.0118,0.0125,-0.412,0.687,수계
722,83,12.426,4.796,1,0.0722,0.0458,0.0356,0.0131,0.0101,0.0034,-0.462,0.556,수계
723,45,27.243,29.954,14,0.0854,0.0902,0.0932,0.2905,0.2929,0.1741,0.514,-0.526,농경지
724,66,21.588,14.460,8,0.0871,0.1018,0.1047,0.1434,0.2535,0.2083,0.156,-0.169,시가지
725,42,38.397,29.803,15,0.0697,0.1083,0.0504,0.2252,0.2018,0.1189,0.634,-0.351,농경지
726,59,19.051,2.427,1,0.0558,0.1049,0.0453,0.2734,0.2859,0.1333,0.716,-0.445,농경지
727,62,30.127,19.518,9,0.0577,0.0988,0.0504,0.2411,0.1975,0.1046,0.654,-0.419,농경지
728,76,24.968,22.311,14,0.0940,0.1178,0.0812,0.2376,0.2942,0.2629,0.491,-0.337,시가지
729,62,30.397,19.640,9,0.0384,0.0875,0.0467,0.1851,0.2180,0.0986,0.597,-0.358,농경지
730,78,23.569,24.647,14,0.1025,0.1235,0.0824,0.1705,0.2431,0.2124,0.348,-0.160,시가지
731,13,59.168,34.995,23,0.0242,0.0585,0.0326,0.2037,0.2030,0.0717,0.724,-0.554,산림
732,87,10.474,2.951,1,0.0563,0.0599,0.0263,0.0130,0.0049,0.0073,-0.340,0.644,수계
733,92,35.478,15.461,9,0.0564,0.0557,0.0331,0.0244,0.0147,0.0151,-0.150,0.390,수계
734,87,10.303,3.019,1,0.0623,0.0561,0.0275,0.0194,0.0098,0.0056,-0.172,0.486,수계
735,55,15.440,18.993,7,0.0451,0.0961,0.0511,0.1983,0.2186,0.1330,0.590,-0.347,농경지
736,79,19.351,16.496,7,0.1032,0.1295,0.1122,0.1452,0.3034,0.1785,0.128,-0.057,시가지
737,83,12.815,5.139,1,0.0664,0.0461,0.0331,0.0099,0.0168,0.0105,-0.540,0.647,수계
738,89,42.147,28.540,16,0.0427,0.0449,0.0248,0.0181,0.0148,0.0088,-0.156,0.425,수계
739,59,19.570,2.088,1,0.0507,0.0762,0.0496,0.2930,0.3141,0.1211,0.711,-0.587,농경지
740,47,13.124,20.678,13,0.0809,0.1139,0.1254,0.2514,0.2872,0.1751,0.335,-0.376,농경지
741,34,30.765,9.559,3,0.0274,0.0544,0.0264,0.3536,0.1599,0.0817,0.861,-0.733,산림
742,97,18.911,21.000,13,0.0937,0.1358,0.1626,0.2511,0.3141,0.2562,0.214,-0.298,나지
743,90,34.958,30.681,21,0.0513,0.0475,0.0220,0.0199,0.0158,0.0043,-0.050,0.409,수계
744,11,49.560,2.932,4,0.0333,0.0374,0.0359,0.3153,0.2016,0.0705,0.795,-0.788,산림
745,79,19.439,16.948,7,0.1128,0.1377,0.1043,0.1538,0.2709,0.1827,0.192,-0.056,시가지
746,62,30.499,19.685,9,0.0539,0.0900,0.0422,0.2383,0.2198,0.0822,0.699,-0.452,농경지
747,81,49.122,1.411,4,0.0540,0.0386,0.0262,0.0300,0.0162,0.0060,0.067,0.126,수계
748,30,32.570,23.372,15,0.0341,0.0582,0.0344,0.3748,0.1177,0.0593,0.832,-0.731,산림
749,84,20.975,19.580,8,0.0665,0.0570,0.0359,0.0314,0.0103,0.0179,-0.066,0.289,수계
750,64,37.062,20.510,15,0.0384,0.0958,0.0579,0.3050,0.2528,0.1551,0.681,-0.522,농경지
751,85,12.255,18.938,7,0.0826,0.0581,0.0317,0.0233,0.0123,0.0099,-0.153,0.428,수계
752,90,34.667,30.544,21,0.0528,0.0414,0.0219,0.0187,0.0049,0.0098,-0.080,0.378,수계
753,28,34.423,16.837,9,0.0376,0.0643,0.0334,0.2599,0.1980,0.0515,0.772,-0.603,산림
754,81,49.013,1.676,4,0.0513,0.0346,0.0423,0.0238,0.0175,0.0047,-0.280,0.186,수계
755,58,19.540,1.206,1,0.0469,0.0971,0.0695,0.2469,0.2557,0.1152,0.561,-0.436,농경지
756,68,25.705,29.621,14,0.1120,0.0989,0.1216,0.2109,0.2147,0.2736,0.269,-0.361,시가지
757,60,14.761,35.374,19,0.0511,0.1016,0.0815,0.2841,0.2204,0.0948,0.554,-0.473,농경지
758,76,24.650,22.078,14,0.0851,0.0915,0.0719,0.2022,0.2789,0.2754,0.475,-0.377,시가지
759,19,32.802,1.941,3,0.0329,0.0599,0.0191,0.4888,0.1069,0.0662,0.925,-0.782,산림
760,40,19.868,35.431,19,0.0938,0.1281,0.1016,0.2263,0.2514,0.1623,0.380,-0.277,농경지
761,15,52.204,12.928,11,0.0325,0.0579,0.0323,0.4147,0.1499,0.0495,0.856,-0.755,산림
762,24,57.636,25.935,17,0.0326,0.0561,0.0294,0.3533,0.1460,0.0513,0.846,-0.726,산림
763,46,25.703,9.413,2,0.0585,0.0713,0.0546,0.2662,0.1914,0.1400,0.660,-0.578,농경지
764,42,38.211,30.167,21,0.0791,0.0907,0.0501,0.2677,0.1967,0.1200,0.685,-0.494,농경지
765,95,30.634,19.963,9,0.1291,0.1155,0.1325,0.2297,0.2463,0.2762,0.268,-0.331,나지
766,77,16.132,24.269,13,0.1319,0.0982,0.1739,0.2712,0.2877,0.3186,0.218,-0.468,시가지
767,15,52.077,12.676,11,0.0321,0.0641,0.0211,0.4027,0.1530,0.0394,0.900,-0.725,산림
768,14,41.685,39.277,22,0.0213,0.0339,0.0384,0.3163,0.1767,0.0802,0.783,-0.807,산림
769,21,33.830,34.007,21,0.0332,0.0596,0.0322,0.3373,0.2183,0.0894,0.826,-0.700,산림
770,72,23.923,12.661,8,0.0942,0.0957,0.1187,0.1971,0.3044,0.2068,0.249,-0.346,시가지
771,33,33.723,9.686,3,0.0302,0.0547,0.0245,0.3425,0.1344,0.0517,0.867,-0.724,산림
772,75,20.503,29.482,14,0.0887,0.1016,0.1541,0.2139,0.2383,0.1518,0.163,-0.356,시가지
773,24,57.419,26.178,17,0.0360,0.0649,0.0397,0.3263,0.1590,0.0495,0.783,-0.668,산림
774,17,59.515,20.307,17,0.0261,0.0689,0.0325,0.4385,0.1644,0.0642,0.862,-0.729,산림
775,20,42.904,26.182,16,0.0247,0.0462,0.0271,0.2623,0.1952,0.0537,0.813,-0.701,산림
776,16,57.126,14.828,11,0.0195,0.0556,0.0310,0.3882,0.1618,0.0503,0.852,-0.750,산림
777,80,32.785,26.955,15,0.1167,0.1141,0.1193,0.2128,0.2458,0.2339,0.281,-0.302,시가지
778,24,57.988,26.484,17,0.0344,0.0661,0.0290,0.3292,0.1336,0.0490,0.838,-0.666,산림
779,16,57.544,15.111,11,0.0327,0.0469,0.0347,0.3893,0.1649,0.0531,0.836,-0.785,산림
780,76,24.718,21.713,14,0.0929,0.1019,0.0820,0.1844,0.2937,0.2318,0.384,-0.288,시가지
781,39,17.512,33.754,19,0.0435,0.0850,0.0733,0.3000,0.2520,0.1005,0.607,-0.558,농경지
782,23,57.882,27.337,17,0.0218,0.0494,0.0303,0.2580,0.1683,0.0616,0.790,-0.678,산림
783,7,36.553,36.526,21,0.0161,0.0449,0.0311,0.2889,0.1755,0.0507,0.806,-0.731,산림
784,2,32.340,16.120,9,0.0341,0.0545,0.0352,0.3482,0.1886,0.0729,0.817,-0.729,산림
785,36,22.759,37.775,20,0.0544,0.0792,0.0837,0.2854,0.2246,0.0837,0.546,-0.565,농경지
786,11,49.527,3.374,4,0.0203,0.0384,0.0204,0.2736,0.1703,0.0747,0.861,-0.754,산림
787,44,18.593,22.371,13,0.0411,0.0648,0.0742,0.3049,0.2631,0.1117,0.608,-0.649,농경지
788,38,29.406,23.053,14,0.0603,0.0741,0.0520,0.2301,0.2269,0.1712,0.631,-0.513,농경지
789,33,33.292,10.174,9,0.0332,0.0471,0.0258,0.3279,0.1407,0.0589,0.854,-0.749,산림
790,48,37.165,24.828,15,0.0795,0.0926,0.1227,0.2535,0.2794,0.1848,0.348,-0.465,농경지
791,47,12.585,20.166,13,0.0780,0.1084,0.1365,0.2835,0.2283,0.1936,0.350,-0.447,농경지
792,35,33.920,1.036,3,0.0607,0.0813,0.0618,0.2403,0.3113,0.1039,0.591,-0.494,농경지
793,8,44.827,3.123,4,0.0279,0.0367,0.0215,0.3670,0.2330,0.0790,0.889,-0.818,산림
794,17,59.636,19.820,11,0.0203,0.0540,0.0402,0.4406,0.1934,0.0602,0.833,-0.782,산림
795,53,13.701,32.430,19,0.0602,0.0951,0.0575,0.2797,0.2338,0.1119,0.659,-0.492,농경지
796,15,51.911,12.650,11,0.0286,0.0675,0.0374,0.3614,0.1715,0.0458,0.812,-0.685,산림
797,76,24.143,22.051,14,0.1026,0.1041,0.0848,0.2023,0.2716,0.2459,0.409,-0.320,시가지
798,104,6.605,17.981,6,0.0631,0.0606,0.0846,0.1582,0.0852,0.0571,0.303,-0.446,갯벌
799,62,30.102,19.312,9,0.0497,0.1014,0.0485,0.2410,0.2042,0.1004,0.665,-0.408,농경지
800,57,32.559,5.884,3,0.0598,0.0793,0.0543,0.2926,0.2350,0.1356,0.687,-0.574,농경지
801,72,23.717,12.330,8,0.1105,0.0904,0.1428,0.1918,0.2552,0.1846,0.147,-0.359,시가지
802,6,32.297,21.266,15,0.0163,0.0771,0.0308,0.2863,0.1484,0.0767,0.806,-0.576,산림
803,28,34.495,16.881,9,0.0289,0.0605,0.0395,0.2648,0.2009,0.0595,0.741,-0.628,산림
804,9,54.992,7.302,5,0.0310,0.0421,0.0238,0.2819,0.1508,0.0780,0.845,-0.740,산림
805,55,14.974,19.214,7,0.0555,0.0967,0.0622,0.1801,0.1963,0.1296,0.487,-0.301,농경지
806,38,29.245,22.379,14,0.0550,0.0798,0.0472,0.1964,0.2379,0.1522,0.613,-0.422,농경지
807,92,35.973,15.694,9,0.0525,0.0570,0.0305,0.0147,0.0127,0.0079,-0.351,0.591,수계
808,41,37.145,9.049,3,0.0946,0.0970,0.1165,0.2768,0.2690,0.1935,0.408,-0.481,농경지
809,40,20.508,35.633,20,0.0975,0.1176,0.1309,0.2412,0.2482,0.1844,0.296,-0.345,농경지
810,49,32.503,12.724,9,0.0855,0.1161,0.1132,0.2413,0.2650,0.2131,0.361,-0.350,농경지
811,57,31.656,5.887,3,0.0689,0.0794,0.0502,0.2998,0.2022,0.1300,0.713,-0.581,농경지
812,93,46.311,29.124,16,0.1055,0.1627,0.1486,0.2818,0.3836,0.2305,0.309,-0.268,나지
813,5,34.114,28.664,15,0.0322,0.0653,0.0281,0.3478,0.1499,0.0632,0.850,-0.684,산림
814,53,13.244,32.396,19,0.0567,0.0966,0.0594,0.2578,0.2296,0.1230,0.625,-0.455,농경지
815,78,23.458,24.910,14,0.0928,0.1178,0.1120,0.1581,0.2530,0.1758,0.171,-0.146,시가지
816,82,7.116,30.305,18,0.0448,0.0498,0.0201,0.0184,0.0194,0.0058,-0.045,0.460,수계
817,44,18.429,22.290,13,0.0411,0.0673,0.0710,0.3155,0.2384,0.1209,0.633,-0.649,농경지
818,58,19.342,1.501,1,0.0397,0.1048,0.0761,0.2308,0.2414,0.1271,0.504,-0.376,농경지
819,91,54.562,2.288,5,0.0587,0.0506,0.0269,0.0199,0.0170,0.0037,-0.151,0.436,수계
820,54,18.945,15.314,7,0.0870,0.1046,0.1084,0.2418,0.2754,0.1906,0.381,-0.396,농경지
821,101,2.813,37.798,18,0.0977,0.1092,0.0770,0.0886,0.0814,0.0458,0.070,0.104,갯벌
822,42,38.486,29.969,15,0.0822,0.0965,0.0477,0.2815,0.1941,0.1242,0.710,-0.490,농경지
823,43,44.794,8.747,4,0.0421,0.0640,0.0667,0.2752,0.2214,0.1431,0.610,-0.623,농경지
824,42,38.266,29.955,15,0.0931,0.0850,0.0503,0.2974,0.1962,0.1095,0.711,-0.555,농경지
825,2,31.648,16.738,9,0.0393,0.0482,0.0308,0.3625,0.2039,0.0765,0.843,-0.765,산림
826,31,52.461,33.032,23,0.0333,0.0604,0.0322,0.2860,0.1607,0.0653,0.797,-0.651,산림
827,84,21.296,19.409,8,0.0686,0.0511,0.0277,0.0151,0.0208,0.0010,-0.293,0.543,수계
828,57,31.765,5.717,3,0.0590,0.0727,0.0427,0.2580,0.2013,0.1248,0.716,-0.560,농경지
829,79,19.458,16.856,7,0.1071,0.1480,0.0993,0.1360,0.2658,0.1941,0.156,0.042,시가지
830,98,35.607,27.575,15,0.1160,0.1576,0.1469,0.2445,0.3327,0.2178,0.249,-0.216,나지
831,27,31.707,24.946,15,0.0316,0.0570,0.0261,0.3522,0.1970,0.0490,0.862,-0.722,산림
832,92,35.993,15.917,9,0.0551,0.0633,0.0364,0.0213,0.0172,0.0062,-0.263,0.497,수계
833,65,24.397,19.312,8,0.0805,0.0963,0.1291,0.3011,0.2041,0.2359,0.400,-0.515,시가지
834,100,43.272,9.782,4,0.1467,0.1896,0.1367,0.2606,0.2521,0.2152,0.312,-0.158,나지
835,89,42.374,28.434,16,0.0443,0.0435,0.0284,0.0176,0.0140,0.0053,-0.235,0.424,수계
836,102,6.320,3.413,0,0.0763,0.0620,0.0777,0.1004,0.0997,0.0580,0.127,-0.236,갯벌
837,29,33.985,5.786,3,0.0226,0.0394,0.0253,0.1863,0.1608,0.0949,0.761,-0.651,산림
838,73,27.110,25.513,14,0.0672,0.0858,0.1106,0.2831,0.2571,0.1819,0.438,-0.535,시가지
839,60,14.343,35.226,19,0.0490,0.1101,0.0800,0.2741,0.2339,0.0887,0.548,-0.427,농경지
840,13,59.077,35.009,23,0.0320,0.0591,0.0332,0.2118,0.1858,0.0624,0.729,-0.563,산림
841,57,31.489,5.523,3,0.0702,0.0754,0.0551,0.3036,0.1806,0.1271,0.693,-0.602,농경지
842,34,30.451,9.902,3,0.0370,0.0511,0.0238,0.4773,0.1883,0.0888,0.905,-0.807,산림
843,48,37.508,25.034,15,0.0840,0.0929,0.1046,0.2748,0.2644,0.2047,0.449,-0.494,농경지
844,58,19.672,0.904,1,0.0447,0.0882,0.0733,0.2588,0.2471,0.1148,0.559,-0.492,농경지
845,47,13.013,20.622,13,0.0879,0.1055,0.1189,0.2368,0.2402,0.2046,0.331,-0.384,농경지
846,103,4.619,4.688,0,0.0825,0.0770,0.0606,0.1030,0.0763,0.0607,0.259,-0.145,갯벌
847,44,18.437,22.605,13,0.0420,0.0668,0.0855,0.3108,0.2313,0.1126,0.568,-0.646,농경지
848,36,22.949,37.432,20,0.0483,0.0873,0.0852,0.3355,0.2407,0.0880,0.595,-0.587,농경지
849,67,26.576,15.227,8,0.0958,0.0904,0.1263,0.2472,0.1956,0.1937,0.324,-0.464,시가지
850,52,22.184,14.832,8,0.0555,0.0768,0.0620,0.2731,0.1812,0.1250,0.630,-0.561,농경지
851,72,24.396,12.315,8,0.1154,0.0829,0.1369,0.1960,0.2975,0.1836,0.177,-0.406,시가지
852,4,33.544,1.354,3,0.0297,0.0565,0.0444,0.3465,0.1645,0.0621,0.773,-0.719,산림
853,93,46.274,29.531,16,0.1066,0.1683,0.1530,0.2801,0.4004,0.2139,0.293,-0.249,나지
854,76,24.676,22.011,14,0.0953,0.1051,0.0811,0.1870,0.2923,0.2754,0.395,-0.280,시가지
855,90,34.711,30.824,21,0.0599,0.0499,0.0242,0.0225,0.0123,0.0052,-0.037,0.377,수계
856,27,32.189,25.519,15,0.0312,0.0596,0.0278,0.3364,0.1961,0.0483,0.847,-0.699,산림
857,80,32.389,26.756,15,0.1286,0.1146,0.1136,0.2294,0.2486,0.2212,0.338,-0.334,시가지
858,85,11.988,19.405,7,0.0822,0.0627,0.0314,0.0190,0.0109,0.0055,-0.244,0.534,수계
859,57,31.690,5.402,3,0.0599,0.0722,0.0493,0.2809,0.1880,0.1395,0.701,-0.591,농경지
860,85,11.787,19.370,7,0.0814,0.0501,0.0264,0.0235,0.0062,0.0102,-0.058,0.361,수계
861,9,54.603,7.909,5,0.0269,0.0422,0.0245,0.2735,0.1805,0.0702,0.836,-0.733,산림
862,51,22.448,0.447,2,0.0369,0.0888,0.0712,0.2894,0.1784,0.1427,0.605,-0.530,농경지
863,10,34.023,6.753,3,0.0348,0.0389,0.0246,0.2899,0.1780,0.0626,0.844,-0.763,산림
864,49,32.742,12.285,9,0.0786,0.1144,0.1094,0.2217,0.2459,0.2009,0.339,-0.319,농경지
865,8,44.551,2.775,4,0.0261,0.0427,0.0203,0.3801,0.2450,0.0796,0.899,-0.798,산림
866,42,38.736,30.001,21,0.0960,0.0951,0.0496,0.2590,0.1901,0.1091,0.679,-0.463,농경지
867,93,46.246,29.356,16,0.1120,0.1724,0.1483,0.3021,0.3572,0.1917,0.341,-0.273,나지
868,78,23.415,25.319,14,0.0899,0.1107,0.1131,0.1678,0.2682,0.1621,0.195,-0.205,시가지
869,64,36.783,20.345,15,0.0389,0.0783,0.0570,0.2891,0.2688,0.1701,0.671,-0.574,농경지
870,78,24.228,24.376,14,0.0865,0.1229,0.1037,0.1496,0.2234,0.1978,0.181,-0.098,시가지
871,92,35.909,15.714,9,0.0565,0.0467,0.0363,0.0068,0.0165,0.0084,-0.685,0.746,수계
872,82,6.628,30.683,18,0.0449,0.0532,0.0276,0.0247,0.0056,0.0084,-0.055,0.366,수계
873,31,52.139,32.802,23,0.0330,0.0532,0.0210,0.3128,0.1534,0.0689,0.874,-0.709,산림
874,70,26.051,24.021,14,0.0787,0.1103,0.1185,0.1688,0.2690,0.2381,0.175,-0.210,시가지
875,94,37.861,27.981,15,0.1577,0.0886,0.1518,0.3655,0.2833,0.2266,0.413,-0.610,나지
876,87,10.110,3.163,1,0.0578,0.0520,0.0228,0.0155,0.0064,0.0089,-0.190,0.541,수계
877,79,19.721,16.919,7,0.1070,0.1062,0.0964,0.1448,0.2693,0.1913,0.201,-0.154,시가지
878,31,52.507,32.899,23,0.0404,0.0656,0.0310,0.3103,0.1341,0.0610,0.818,-0.651,산림
879,61,33.788,33.212,21,0.0715,0.0679,0.0853,0.2211,0.2351,0.1029,0.443,-0.530,농경지
880,99,32.127,37.830,21,0.0844,0.1810,0.1604,0.3131,0.2349,0.2746,0.323,-0.267,나지
881,94,37.757,27.744,15,0.1511,0.1069,0.1478,0.2396,0.2875,0.2030,0.237,-0.383,나지
882,52,22.190,14.913,8,0.0533,0.0824,0.0444,0.2953,0.1662,0.1084,0.739,-0.564,농경지
883,69,23.290,24.871,14,0.1102,0.0888,0.1263,0.1674,0.1696,0.2460,0.140,-0.307,시가지
884,31,52.516,33.214,23,0.0276,0.0572,0.0354,0.3137,0.1721,0.0642,0.797,-0.691,산림
885,33,32.886,9.847,3,0.0270,0.0496,0.0198,0.3576,0.1355,0.0445,0.895,-0.757,산림
886,74,16.670,20.751,13,0.0997,0.1305,0.1241,0.2732,0.2633,0.2096,0.375,-0.354,시가지
887,6,32.174,21.292,15,0.0266,0.0608,0.0269,0.3624,0.1383,0.0738,0.862,-0.713,산림
888,68,25.755,29.302,14,0.1134,0.0994,0.1131,0.2316,0.1894,0.2786,0.344,-0.400,시가지
889,44,18.153,22.322,13,0.0477,0.0667,0.0793,0.2617,0.2745,0.1093,0.535,-0.594,농경지
890,36,23.248,37.710,20,0.0563,0.0772,0.0888,0.3226,0.1907,0.0776,0.568,-0.614,농경지
891,20,43.035,26.051,16,0.0332,0.0419,0.0199,0.2463,0.1762,0.0512,0.850,-0.709,산림
892,61,33.482,32.810,21,0.0722,0.0797,0.0829,0.2290,0.2325,0.0990,0.468,-0.484,농경지
893,99,32.272,37.982,21,0.0992,0.1755,0.1736,0.2495,0.2817,0.2501,0.180,-0.174,나지
894,73,27.046,25.939,14,0.0547,0.0962,0.1067,0.3276,0.2698,0.1870,0.509,-0.546,시가지
895,11,49.569,2.688,4,0.0372,0.0402,0.0269,0.3352,0.1899,0.0786,0.851,-0.786,산림
896,76,24.376,22.105,14,0.0990,0.1237,0.0802,0.1984,0.3092,0.2486,0.424,-0.232,시가지
897,50,22.295,25.017,14,0.0543,0.0759,0.0673,0.2579,0.1759,0.1432,0.586,-0.545,농경지
898,85,11.978,19.382,7,0.0754,0.0654,0.0207,0.0222,0.0220,0.0010,0.034,0.494,수계
899,50,22.826,25.317,14,0.0634,0.0718,0.0757,0.2255,0.1628,0.1261,0.497,-0.517,농경지
900,36,23.423,37.881,20,0.0460,0.0844,0.0928,0.3075,0.2001,0.0897,0.536,-0.569,농경지
901,6,32.371,20.941,15,0.0270,0.0637,0.0319,0.3367,0.1400,0.0840,0.827,-0.682,산림
902,100,43.133,10.137,10,0.1269,0.1987,0.1624,0.2460,0.2477,0.2181,0.205,-0.106,나지
903,77,15.917,24.614,13,0.1365,0.1096,0.1669,0.2966,0.3141,0.3045,0.280,-0.460,시가지
904,45,28.092,30.248,20,0.0809,0.1020,0.1246,0.2976,0.3008,0.1625,0.410,-0.490,농경지
905,44,18.186,22.404,13,0.0424,0.0636,0.0981,0.2908,0.2316,0.1112,0.496,-0.641,농경지
906,94,37.326,28.227,15,0.1377,0.1188,0.1653,0.2929,0.2887,0.2200,0.278,-0.423,나지
907,70,26.019,23.800,14,0.0978,0.1021,0.1171,0.1755,0.2547,0.2896,0.200,-0.265,시가지
908,24,57.876,26.495,17,0.0270,0.0656,0.0305,0.3201,0.1481,0.0466,0.826,-0.660,산림
909,54,18.788,15.506,7,0.0791,0.0973,0.1057,0.2608,0.2388,0.2104,0.423,-0.457,농경지
910,7,36.747,36.956,21,0.0200,0.0477,0.0289,0.2569,0.1695,0.0660,0.797,-0.687,산림
911,77,15.876,24.577,13,0.1288,0.1020,0.1563,0.2898,0.2901,0.3037,0.299,-0.479,시가지
912,85,11.717,19.197,7,0.0844,0.0594,0.0256,0.0208,0.0102,0.0068,-0.103,0.482,수계
913,6,32.202,20.941,15,0.0149,0.0698,0.0345,0.3332,0.1319,0.0753,0.812,-0.654,산림
914,86,21.458,38.492,20,0.0647,0.0454,0.0306,0.0229,0.0106,0.0115,-0.146,0.330,수계
915,93,46.517,29.645,16,0.1084,0.1746,0.1438,0.3160,0.3361,0.2122,0.375,-0.288,나지
916,90,34.748,30.747,21,0.0484,0.0472,0.0198,0.0229,0.0040,0.0148,0.072,0.346,수계
917,76,24.313,21.505,14,0.1024,0.0976,0.0893,0.1905,0.3240,0.2440,0.362,-0.323,시가지
918,41,37.261,8.915,3,0.0907,0.1045,0.1158,0.2812,0.2640,0.2047,0.417,-0.458,농경지
919,101,2.949,37.645,18,0.1017,0.0879,0.0817,0.0975,0.0597,0.0542,0.088,-0.052,갯벌
920,20,43.061,26.239,16,0.0277,0.0483,0.0225,0.2642,0.1945,0.0578,0.843,-0.691,산림
921,11,49.760,2.829,4,0.0316,0.0312,0.0235,0.3263,0.1757,0.0768,0.866,-0.826,산림
922,99,32.478,37.810,21,0.0871,0.1911,0.1602,0.2811,0.2445,0.2986,0.274,-0.191,나지
923,9,54.498,7.311,5,0.0220,0.0391,0.0324,0.2881,0.1834,0.0691,0.798,-0.761,산림
924,90,34.529,31.028,21,0.0632,0.0528,0.0211,0.0277,0.0125,0.0087,0.134,0.312,수계
925,46,25.606,9.629,2,0.0623,0.0655,0.0576,0.2722,0.1939,0.1286,0.651,-0.612,농경지
926,68,25.373,29.382,14,0.1160,0.0792,0.1042,0.2579,0.1920,0.2539,0.425,-0.530,시가지
927,70,25.927,23.119,14,0.0886,0.1049,0.1126,0.1759,0.2731,0.2578,0.220,-0.253,시가지
928,21,33.743,34.400,21,0.0346,0.0537,0.0364,0.2743,0.1697,0.0857,0.766,-0.673,산림
929,104,6.647,17.995,6,0.0555,0.0642,0.0863,0.1580,0.0777,0.0623,0.294,-0.422,갯벌
930,77,15.844,24.408,13,0.1238,0.0929,0.1695,0.2659,0.3205,0.3155,0.221,-0.482,시가지
931,68,25.483,29.881,14,0.1150,0.0899,0.1215,0.2526,0.1712,0.2871,0.350,-0.475,시가지
932,71,17.535,16.175,7,0.1159,0.1116,0.1110,0.1900,0.2324,0.1768,0.262,-0.260,시가지
933,38,29.067,22.474,14,0.0466,0.0761,0.0446,0.2484,0.2557,0.1733,0.695,-0.531,농경지
934,27,31.844,24.874,15,0.0328,0.0436,0.0339,0.2964,0.1682,0.0654,0.795,-0.744,산림
935,104,6.459,17.803,6,0.0477,0.0692,0.0837,0.1458,0.0715,0.0509,0.271,-0.356,갯벌
936,37,24.775,11.179,8,0.0386,0.0738,0.0577,0.2361,0.2800,0.1357,0.607,-0.524,농경지
937,75,20.052,29.270,14,0.1118,0.1196,0.1403,0.1580,0.2638,0.1462,0.059,-0.138,시가지
938,51,22.355,0.567,2,0.0454,0.0800,0.0715,0.2776,0.1885,0.1552,0.591,-0.552,농경지
939,66,21.380,14.050,8,0.0921,0.0870,0.1069,0.1735,0.2762,0.1983,0.237,-0.332,시가지
940,101,2.891,37.916,18,0.0968,0.0904,0.0807,0.1078,0.0691,0.0559,0.144,-0.088,갯벌
941,26,48.465,23.157,16,0.0365,0.0430,0.0283,0.3014,0.1925,0.0849,0.828,-0.750,산림
942,38,29.210,22.822,14,0.0445,0.0669,0.0374,0.2294,0.2209,0.1581,0.719,-0.549,농경지
943,39,17.621,33.606,19,0.0553,0.0865,0.0716,0.2606,0.2246,0.0904,0.569,-0.502,농경지
944,30,32.577,23.226,15,0.0306,0.0511,0.0292,0.3580,0.1407,0.0742,0.849,-0.750,산림
945,10,33.417,6.900,3,0.0266,0.0468,0.0255,0.3046,0.1995,0.0643,0.845,-0.733,산림
946,54,19.403,15.390,7,0.0773,0.1073,0.1100,0.2143,0.2460,0.1562,0.322,-0.333,농경지
947,26,48.525,23.100,16,0.0316,0.0343,0.0236,0.3095,0.1781,0.0707,0.859,-0.801,산림
948,85,12.116,18.897,7,0.0745,0.0681,0.0280,0.0257,0.0106,0.0087,-0.044,0.453,수계
949,45,28.151,30.114,20,0.0799,0.1047,0.1159,0.2262,0.3386,0.1748,0.322,-0.367,농경지
950,94,37.354,27.729,15,0.1353,0.1103,0.1369,0.2683,0.2974,0.2329,0.324,-0.417,나지
951,4,33.781,1.317,3,0.0322,0.0542,0.0384,0.3762,0.1732,0.0663,0.815,-0.748,산림
952,98,35.894,27.615,15,0.1011,0.1634,0.1337,0.3012,0.2857,0.2444,0.385,-0.297,나지
953,104,6.349,17.770,6,0.0482,0.0629,0.0759,0.1576,0.0721,0.0670,0.350,-0.430,갯벌
954,35,33.799,1.062,3,0.0559,0.0771,0.0624,0.2583,0.2846,0.1152,0.611,-0.540,농경지
955,59,19.703,2.092,1,0.0513,0.0828,0.0518,0.2758,0.3257,0.1412,0.684,-0.538,농경지
956,83,12.765,4.482,1,0.0791,0.0470,0.0270,0.0153,0.0115,0.0010,-0.279,0.510,수계
957,8,45.109,2.769,4,0.0278,0.0322,0.0269,0.4848,0.2293,0.0842,0.895,-0.875,산림
958,74,16.770,20.669,13,0.1011,0.1101,0.1252,0.2849,0.3233,0.2276,0.389,-0.442,시가지
959,38,29.305,22.916,14,0.0547,0.0664,0.0496,0.2273,0.2276,0.1623,0.642,-0.548,농경지
960,57,31.623,5.884,3,0.0555,0.0782,0.0487,0.2911,0.1696,0.1483,0.713,-0.576,농경지
961,82,6.811,30.571,18,0.0550,0.0567,0.0247,0.0209,0.0099,0.0119,-0.083,0.460,수계
962,64,37.634,20.378,15,0.0414,0.0668,0.0584,0.2963,0.2740,0.1426,0.671,-0.632,농경지
963,71,17.220,16.104,7,0.1173,0.1030,0.1096,0.1591,0.2268,0.2210,0.184,-0.214,시가지
964,97,18.878,21.120,13,0.0975,0.1254,0.1766,0.2517,0.2788,0.3145,0.175,-0.335,나지
965,42,38.370,29.485,15,0.0803,0.0869,0.0464,0.2482,0.2037,0.1301,0.685,-0.481,농경지
966,74,16.438,20.596,13,0.0914,0.1144,0.1288,0.2935,0.3009,0.2324,0.390,-0.439,시가지
967,80,32.864,26.965,15,0.1363,0.1158,0.0975,0.2170,0.2323,0.2058,0.380,-0.304,시가지
968,95,30.620,20.204,15,0.1030,0.1039,0.1524,0.1790,0.2613,0.2436,0.080,-0.266,나지
969,12,31.848,4.598,3,0.0265,0.0479,0.0273,0.3051,0.1687,0.0862,0.836,-0.728,산림
970,77,15.840,24.131,13,0.1172,0.0917,0.1507,0.2736,0.3074,0.3173,0.290,-0.498,시가지
971,39,17.678,33.603,19,0.0462,0.0994,0.0747,0.2667,0.2388,0.1073,0.563,-0.457,농경지
972,42,38.136,29.740,15,0.0851,0.0854,0.0531,0.2474,0.1880,0.1063,0.646,-0.487,농경지
973,62,30.184,19.114,9,0.0587,0.0919,0.0588,0.2127,0.2082,0.0922,0.567,-0.397,농경지
974,7,36.684,36.792,21,0.0193,0.0570,0.0325,0.3014,0.1638,0.0471,0.805,-0.682,산림
975,103,4.283,5.151,0,0.0706,0.0833,0.0577,0.1019,0.0742,0.0563,0.277,-0.101,갯벌
976,43,45.131,8.804,4,0.0513,0.0719,0.0652,0.3083,0.2485,0.1281,0.651,-0.622,농경지
977,32,40.641,17.363,10,0.0310,0.0392,0.0449,0.3868,0.1955,0.0947,0.792,-0.816,산림
978,78,23.724,24.791,14,0.0752,0.1184,0.1005,0.1700,0.2166,0.2199,0.257,-0.179,시가지
979,23,57.653,27.850,17,0.0238,0.0495,0.0264,0.2350,0.1639,0.0638,0.798,-0.652,산림
980,22,44.255,30.212,22,0.0282,0.0408,0.0221,0.2368,0.1580,0.0621,0.829,-0.706,산림
981,70,25.717,24.045,14,0.0917,0.1163,0.1168,0.1952,0.2755,0.2509,0.251,-0.253,시가지
982,62,29.988,19.741,8,0.0533,0.0913,0.0521,0.2399,0.1947,0.1040,0.643,-0.449,농경지
983,103,4.675,4.403,0,0.0665,0.0894,0.0596,0.0986,0.0663,0.0595,0.246,-0.049,갯벌
984,86,21.503,38.326,20,0.0691,0.0582,0.0222,0.0129,0.0131,0.0064,-0.264,0.636,수계
985,30,32.932,22.988,15,0.0219,0.0710,0.0442,0.3490,0.1508,0.0681,0.775,-0.662,산림
986,34,30.485,9.698,3,0.0336,0.0534,0.0247,0.3917,0.1866,0.0755,0.881,-0.760,산림
987,1,32.956,9.609,3,0.0389,0.0483,0.0263,0.3164,0.1097,0.0627,0.847,-0.735,산림
988,38,29.231,22.817,14,0.0610,0.0698,0.0528,0.2160,0.2684,0.1739,0.607,-0.511,농경지
989,86,21.326,37.952,20,0.0717,0.0643,0.0207,0.0227,0.0153,0.0099,0.046,0.479,수계
990,96,27.264,30.721,20,0.1347,0.1096,0.1563,0.1970,0.2880,0.2320,0.115,-0.285,나지
991,7,36.519,36.690,21,0.0148,0.0566,0.0321,0.3037,0.1448,0.0542,0.809,-0.686,산림
992,63,24.654,5.136,2,0.0592,0.0785,0.0524,0.3165,0.1863,0.0879,0.716,-0.603,농경지
993,64,37.038,20.269,15,0.0328,0.0860,0.0554,0.3071,0.2598,0.1581,0.694,-0.562,농경지
994,97,18.696,21.159,13,0.0956,0.1313,0.1613,0.2274,0.2603,0.2657,0.170,-0.268,나지
995,100,42.985,10.036,10,0.1295,0.1846,0.1413,0.2531,0.2286,0.2539,0.284,-0.156,나지
996,72,23.745,12.410,8,0.0957,0.0929,0.1322,0.1687,0.2854,0.2046,0.122,-0.290,시가지
997,33,32.885,10.062,9,0.0280,0.0530,0.0280,0.3798,0.1243,0.0594,0.862,-0.755,산림
998,6,32.671,20.815,15,0.0269,0.0554,0.0251,0.3277,0.1512,0.0819,0.858,-0.711,산림
999,16,57.008,14.702,11,0.0305,0.0597,0.0331,0.3728,0.1685,0.0504,0.837,-0.724,산림
1000,73,26.841,25.387,14,0.0580,0.0755,0.1087,0.2955,0.2576,0.1860,0.462,-0.593,시가지
1001,15,52.120,13.098,11,0.0336,0.0566,0.0347,0.3491,0.1850,0.0429,0.819,-0.721,산림
1002,90,34.754,31.054,21,0.0542,0.0490,0.0272,0.0214,0.0136,0.0083,-0.120,0.392,수계
1003,70,25.555,23.113,14,0.0987,0.1058,0.1151,0.1755,0.2184,0.2459,0.208,-0.248,시가지
1004,82,6.756,30.494,18,0.0448,0.0668,0.0302,0.0228,0.0109,0.0088,-0.141,0.491,수계
1005,49,31.931,12.696,9,0.0863,0.1221,0.1031,0.2320,0.2663,0.1805,0.385,-0.310,농경지
1006,67,26.241,15.942,8,0.1092,0.0893,0.1150,0.2165,0.2219,0.2024,0.306,-0.416,시가지
1007,9,54.590,7.384,5,0.0159,0.0341,0.0266,0.3289,0.1701,0.0708,0.850,-0.812,산림
1008,43,44.785,8.920,4,0.0490,0.0717,0.0605,0.3379,0.2312,0.1289,0.696,-0.650,농경지
1009,3,46.976,9.546,4,0.0404,0.0522,0.0299,0.2942,0.1266,0.0723,0.816,-0.699,산림
1010,70,25.683,23.626,14,0.0783,0.1087,0.1144,0.1994,0.2697,0.2663,0.271,-0.294,시가지
1011,93,45.877,29.187,16,0.0997,0.1581,0.1553,0.2659,0.3427,0.2095,0.263,-0.254,나지
1012,8,44.884,2.857,4,0.0396,0.0483,0.0302,0.4131,0.2500,0.0773,0.864,-0.791,산림
1013,11,49.407,2.395,4,0.0363,0.0403,0.0370,0.3582,0.1674,0.0760,0.813,-0.798,산림
1014,82,7.372,30.358,18,0.0467,0.0582,0.0168,0.0168,0.0143,0.0096,0.000,0.553,수계
1015,75,20.633,29.856,14,0.0915,0.0938,0.1381,0.1891,0.2427,0.1723,0.156,-0.337,시가지
1016,7,36.570,36.971,21,0.0196,0.0426,0.0322,0.3222,0.1821,0.0511,0.818,-0.767,산림
1017,100,43.489,10.186,10,0.1270,0.1826,0.1475,0.2373,0.2250,0.2464,0.233,-0.130,나지
1018,8,44.812,2.685,4,0.0321,0.0334,0.0191,0.3949,0.2248,0.0956,0.908,-0.844,산림
1019,77,15.779,24.647,13,0.1308,0.1032,0.1597,0.2874,0.3114,0.3015,0.286,-0.472,시가지
1020,10,34.000,6.955,3,0.0339,0.0333,0.0227,0.2706,0.1607,0.0656,0.845,-0.781,산림
1021,93,45.967,29.341,16,0.1007,0.1651,0.1317,0.2989,0.3117,0.2181,0.388,-0.288,나지
1022,57,31.908,5.968,3,0.0628,0.0796,0.0521,0.2860,0.1929,0.1329,0.692,-0.564,농경지
1023,19,32.846,1.821,3,0.0443,0.0577,0.0307,0.5348,0.1051,0.0527,0.891,-0.805,산림
1024,81,49.253,1.835,4,0.0551,0.0411,0.0371,0.0234,0.0150,0.0027,-0.227,0.275,수계
1025,33,33.020,9.757,3,0.0261,0.0629,0.0284,0.3734,0.1481,0.0522,0.858,-0.712,산림
1026,29,33.626,5.313,3,0.0356,0.0391,0.0218,0.2058,0.1473,0.0760,0.808,-0.681,산림
1027,58,19.374,1.264,1,0.0399,0.0936,0.0637,0.2650,0.2175,0.1218,0.612,-0.478,농경지
1028,86,21.421,37.953,20,0.0688,0.0543,0.0271,0.0220,0.0135,0.0097,-0.103,0.423,수계
1029,4,33.703,1.484,3,0.0274,0.0556,0.0421,0.4121,0.1763,0.0712,0.815,-0.762,산림
1030,63,25.017,5.512,2,0.0578,0.0837,0.0511,0.3202,0.2213,0.0854,0.725,-0.585,농경지
1031,34,30.644,9.818,3,0.0298,0.0538,0.0332,0.4130,0.2135,0.0824,0.851,-0.770,산림
1032,57,31.753,5.473,3,0.0609,0.0712,0.0468,0.2923,0.1683,0.1409,0.724,-0.608,농경지
1033,78,23.534,25.198,14,0.0879,0.1242,0.1033,0.1733,0.2539,0.2132,0.253,-0.165,시가지
1034,29,34.123,4.906,3,0.0295,0.0452,0.0242,0.2117,0.1580,0.0717,0.795,-0.648,산림
1035,61,33.507,33.032,21,0.0843,0.0779,0.0905,0.2237,0.2121,0.1158,0.424,-0.483,농경지
1036,103,4.548,4.552,0,0.0801,0.0836,0.0627,0.1066,0.0841,0.0526,0.259,-0.121,갯벌
1037,6,32.860,21.044,15,0.0305,0.0658,0.0394,0.3696,0.1445,0.0688,0.807,-0.698,산림
1038,85,12.277,19.119,7,0.0841,0.0566,0.0297,0.0172,0.0161,0.0123,-0.267,0.535,수계
1039,59,19.838,2.150,1,0.0445,0.0763,0.0481,0.2329,0.3169,0.1245,0.658,-0.506,농경지
1040,6,32.590,21.116,15,0.0285,0.0576,0.0297,0.3734,0.1573,0.0863,0.853,-0.733,산림
1041,81,48.846,1.772,4,0.0480,0.0465,0.0444,0.0267,0.0212,0.0124,-0.249,0.270,수계
1042,78,23.433,25.115,14,0.0773,0.1014,0.1086,0.1685,0.2190,0.1864,0.216,-0.249,시가지
1043,94,37.466,28.048,15,0.1562,0.1028,0.1234,0.2863,0.2880,0.2284,0.398,-0.471,나지
1044,40,19.889,35.705,19,0.0905,0.1089,0.1172,0.2273,0.2770,0.1627,0.320,-0.352,농경지
1045,36,23.090,37.506,20,0.0541,0.0764,0.0953,0.3509,0.2293,0.0997,0.573,-0.643,농경지
1046,61,33.538,33.258,21,0.0898,0.0842,0.0729,0.2321,0.2360,0.1241,0.522,-0.467,농경지
1047,10,33.808,7.200,3,0.0296,0.0423,0.0186,0.2831,0.1979,0.0573,0.877,-0.740,산림
1048,65,24.713,19.355,8,0.0894,0.0994,0.1282,0.2582,0.2214,0.1961,0.336,-0.444,시가지
1049,91,54.619,2.638,5,0.0597,0.0429,0.0204,0.0213,0.0113,0.0095,0.022,0.337,수계
1050,40,20.037,35.845,20,0.0833,0.1029,0.1146,0.2505,0.2177,0.1698,0.372,-0.418,농경지
1051,89,41.538,28.524,16,0.0454,0.0445,0.0245,0.0170,0.0199,0.0053,-0.180,0.447,수계
1052,1,32.753,9.373,3,0.0293,0.0530,0.0304,0.3263,0.1153,0.0679,0.829,-0.721,산림
1053,17,59.060,20.254,17,0.0280,0.0446,0.0252,0.4032,0.1980,0.0776,0.882,-0.801,산림
1054,23,57.908,27.554,17,0.0246,0.0605,0.0292,0.2677,0.1530,0.0582,0.803,-0.631,산림
1055,49,32.507,12.822,9,0.0751,0.1170,0.1112,0.2230,0.2533,0.1695,0.334,-0.312,농경지
1056,2,32.648,16.384,9,0.0395,0.0480,0.0381,0.3490,0.1921,0.0752,0.803,-0.758,산림
1057,57,32.048,5.512,3,0.0650,0.0711,0.0556,0.2909,0.1888,0.1503,0.679,-0.607,농경지
1058,100,42.973,9.935,4,0.1277,0.1965,0.1594,0.2390,0.2464,0.2764,0.200,-0.098,나지
1059,47,12.793,20.313,13,0.0799,0.1146,0.1115,0.2626,0.2437,0.1770,0.404,-0.392,농경지
1060,37,25.133,11.529,8,0.0384,0.0743,0.0717,0.1969,0.2552,0.1495,0.466,-0.452,농경지
1061,58,19.236,1.088,1,0.0399,0.1023,0.0662,0.2333,0.2444,0.1180,0.558,-0.390,농경지
1062,66,21.987,14.155,8,0.1121,0.0998,0.1085,0.1604,0.2794,0.1795,0.193,-0.233,시가지
1063,103,4.714,4.372,0,0.0731,0.0804,0.0640,0.1170,0.0818,0.0651,0.293,-0.185,갯벌
1064,82,6.631,30.191,18,0.0483,0.0671,0.0288,0.0280,0.0096,0.0048,-0.014,0.411,수계
1065,67,26.579,15.298,8,0.0967,0.0820,0.1034,0.2097,0.2074,0.2011,0.339,-0.438,시가지
1066,87,10.655,3.029,1,0.0629,0.0448,0.0215,0.0174,0.0168,0.0108,-0.105,0.439,수계
1067,58,19.959,1.002,1,0.0493,0.0900,0.0584,0.2664,0.2446,0.1175,0.641,-0.495,농경지
1068,77,15.804,24.709,13,0.1226,0.0946,0.1584,0.3027,0.3065,0.3457,0.313,-0.524,시가지
1069,76,24.553,22.546,14,0.1016,0.1112,0.0910,0.1826,0.2939,0.2089,0.335,-0.243,시가지
1070,39,17.533,33.817,19,0.0520,0.0873,0.0843,0.2643,0.2091,0.1036,0.516,-0.503,농경지
1071,17,59.346,19.858,11,0.0207,0.0561,0.0320,0.4230,0.1886,0.0661,0.859,-0.766,산림
1072,34,30.558,9.769,3,0.0301,0.0524,0.0327,0.4160,0.1724,0.0787,0.854,-0.776,산림
1073,87,9.987,2.668,0,0.0804,0.0585,0.0263,0.0142,0.0150,0.0021,-0.298,0.610,수계
1074,58,19.660,1.423,1,0.0473,0.0875,0.0702,0.2656,0.2265,0.1163,0.582,-0.504,농경지
1075,85,11.898,19.089,7,0.0717,0.0704,0.0189,0.0216,0.0106,0.0046,0.067,0.531,수계
1076,47,13.136,20.803,13,0.0877,0.1163,0.1390,0.2324,0.2805,0.1925,0.252,-0.333,농경지
1077,14,42.140,39.270,22,0.0250,0.0432,0.0390,0.2732,0.1655,0.0840,0.750,-0.727,산림
1078,31,51.929,32.400,23,0.0338,0.0508,0.0308,0.3013,0.1605,0.0709,0.814,-0.711,산림
1079,78,23.372,24.319,14,0.0838,0.1118,0.0985,0.1735,0.2352,0.1866,0.276,-0.216,시가지
1080,99,32.269,37.429,21,0.0846,0.1571,0.1362,0.2539,0.2327,0.2754,0.302,-0.236,나지
1081,91,54.083,2.486,5,0.0523,0.0485,0.0257,0.0080,0.0146,0.0067,-0.526,0.717,수계
1082,58,19.675,0.833,1,0.0456,0.1013,0.0746,0.2586,0.2405,0.1216,0.552,-0.437,농경지
1083,38,28.906,22.626,14,0.0458,0.0737,0.0468,0.2192,0.2330,0.1920,0.648,-0.497,농경지
1084,40,19.492,35.581,19,0.0896,0.1124,0.1314,0.2369,0.2437,0.1683,0.287,-0.356,농경지
1085,53,14.315,32.126,19,0.0639,0.0764,0.0576,0.2439,0.2449,0.1238,0.618,-0.523,농경지
1086,54,19.003,15.764,7,0.0813,0.0995,0.0954,0.2585,0.2610,0.1825,0.461,-0.444,농경지
1087,53,13.368,32.256,19,0.0630,0.0808,0.0586,0.2429,0.2571,0.1328,0.611,-0.501,농경지
1088,85,12.218,19.494,7,0.0807,0.0598,0.0227,0.0234,0.0234,0.0014,0.014,0.438,수계
1089,64,36.860,20.591,15,0.0409,0.0910,0.0654,0.2869,0.2767,0.1721,0.629,-0.518,농경지
1090,93,46.268,29.520,16,0.0982,0.1776,0.1467,0.2837,0.3717,0.2067,0.318,-0.230,나지
1091,93,46.490,29.400,16,0.0917,0.1685,0.1475,0.2989,0.3532,0.1915,0.339,-0.279,나지
1092,75,20.110,29.192,14,0.1016,0.1112,0.1588,0.1860,0.2331,0.1430,0.079,-0.252,시가지
1093,36,23.535,38.026,20,0.0475,0.0848,0.0881,0.3361,0.2172,0.1088,0.585,-0.597,농경지
1094,66,21.885,13.254,8,0.0799,0.0927,0.1296,0.1493,0.2392,0.1868,0.070,-0.234,시가지
1095,2,32.209,16.064,9,0.0329,0.0549,0.0281,0.3471,0.1937,0.0706,0.850,-0.727,산림
1096,97,18.862,21.142,13,0.1014,0.1259,0.1659,0.2128,0.2862,0.2708,0.124,-0.257,나지
1097,17,59.630,20.115,17,0.0225,0.0456,0.0352,0.3993,0.1566,0.0698,0.838,-0.795,산림
1098,62,30.350,19.180,9,0.0517,0.0812,0.0444,0.2038,0.1757,0.0843,0.642,-0.430,농경지
1099,85,12.083,19.214,7,0.0852,0.0661,0.0187,0.0224,0.0108,0.0082,0.089,0.494,수계
1100,45,27.543,30.118,20,0.0937,0.1110,0.1121,0.2811,0.2958,0.1812,0.430,-0.434,농경지
1101,36,22.940,38.099,20,0.0385,0.0783,0.0743,0.3125,0.2108,0.0976,0.616,-0.599,농경지
1102,69,23.359,24.974,14,0.0915,0.1146,0.1290,0.2046,0.2188,0.2317,0.227,-0.282,시가지
1103,3,47.028,9.849,4,0.0432,0.0532,0.0333,0.2746,0.1144,0.0729,0.784,-0.676,산림
1104,90,35.024,30.762,21,0.0589,0.0539,0.0248,0.0245,0.0119,0.0051,-0.007,0.375,수계
1105,103,4.639,4.285,0,0.0656,0.0736,0.0770,0.1043,0.0837,0.0486,0.150,-0.172,갯벌
1106,35,33.984,0.916,3,0.0540,0.0848,0.0752,0.2631,0.3089,0.1156,0.555,-0.513,농경지
1107,74,16.912,20.659,13,0.0869,0.1125,0.1226,0.2873,0.2877,0.1924,0.402,-0.437,시가지
1108,55,15.915,18.538,7,0.0473,0.1097,0.0558,0.2077,0.2201,0.1261,0.577,-0.309,농경지
1109,43,44.661,8.816,4,0.0488,0.0764,0.0482,0.3039,0.2240,0.1260,0.726,-0.598,농경지
1110,1,32.522,9.264,3,0.0305,0.0418,0.0270,0.3178,0.1255,0.0666,0.844,-0.767,산림
1111,39,17.422,33.745,19,0.0459,0.0858,0.0689,0.2693,0.2326,0.0941,0.593,-0.517,농경지
1112,99,32.745,37.998,21,0.0895,0.1907,0.1815,0.2526,0.2531,0.2662,0.164,-0.140,나지
1113,64,36.657,20.460,15,0.0428,0.0806,0.0520,0.3061,0.2673,0.1634,0.710,-0.583,농경지
1114,40,19.880,35.890,19,0.0966,0.1124,0.1086,0.2356,0.2581,0.1456,0.369,-0.354,농경지
1115,1,32.539,9.481,3,0.0355,0.0481,0.0288,0.3330,0.1108,0.0862,0.841,-0.748,산림
1116,61,33.531,33.112,21,0.0616,0.0835,0.0732,0.2254,0.2590,0.1120,0.510,-0.460,농경지
1117,50,22.765,25.773,14,0.0697,0.0728,0.0740,0.2153,0.1319,0.1301,0.489,-0.495,농경지
1118,45,27.063,30.234,20,0.0787,0.1021,0.1176,0.2772,0.3047,0.1760,0.404,-0.462,농경지
1119,7,36.799,37.105,21,0.0239,0.0443,0.0312,0.2554,0.1539,0.0583,0.783,-0.704,산림
1120,74,16.835,20.724,13,0.1095,0.1218,0.1143,0.2497,0.2725,0.2485,0.372,-0.344,시가지
1121,11,49.553,2.563,4,0.0330,0.0262,0.0302,0.3168,0.1946,0.0648,0.826,-0.847,산림
1122,44,18.085,22.239,13,0.0451,0.0768,0.0776,0.2748,0.2291,0.1088,0.560,-0.563,농경지
1123,83,12.718,4.551,1,0.0711,0.0459,0.0299,0.0123,0.0135,0.0042,-0.418,0.578,수계
1124,18,32.899,17.645,9,0.0209,0.0612,0.0332,0.3108,0.1348,0.0729,0.807,-0.671,산림
1125,59,19.229,2.480,1,0.0535,0.0930,0.0579,0.2755,0.3399,0.1306,0.652,-0.495,농경지
1126,8,44.752,2.643,4,0.0281,0.0307,0.0302,0.3168,0.2187,0.0852,0.826,-0.823,산림
1127,29,33.950,5.247,3,0.0271,0.0407,0.0262,0.2261,0.1361,0.0752,0.792,-0.695,산림
1128,90,35.024,30.662,21,0.0577,0.0463,0.0224,0.0213,0.0092,0.0025,-0.024,0.369,수계
1129,36,23.335,37.750,20,0.0461,0.0822,0.0723,0.3320,0.2314,0.0861,0.643,-0.603,농경지
1130,93,46.613,29.117,16,0.1163,0.1897,0.1459,0.2953,0.3041,0.2069,0.339,-0.218,나지
1131,77,15.939,24.222,13,0.1266,0.1067,0.1687,0.3295,0.3069,0.2818,0.323,-0.511,시가지
1132,97,19.064,21.545,13,0.0959,0.1181,0.1498,0.2406,0.2916,0.2812,0.232,-0.341,나지
1133,69,23.439,25.249,14,0.1127,0.0998,0.1050,0.1932,0.1746,0.2369,0.296,-0.319,시가지
1134,24,57.466,25.935,17,0.0358,0.0642,0.0291,0.2937,0.1408,0.0527,0.820,-0.641,산림
1135,5,33.939,28.438,15,0.0310,0.0717,0.0276,0.3073,0.1431,0.0739,0.835,-0.621,산림
1136,58,19.306,1.178,1,0.0436,0.0981,0.0647,0.2566,0.2253,0.1096,0.597,-0.447,농경지
1137,12,31.562,5.051,3,0.0250,0.0420,0.0312,0.2851,0.1716,0.0807,0.803,-0.743,산림
1138,58,19.537,1.403,1,0.0481,0.0988,0.0683,0.2756,0.2346,0.1312,0.603,-0.472,농경지
1139,36,23.086,37.741,20,0.0463,0.0741,0.0927,0.2965,0.2283,0.0944,0.524,-0.600,농경지
1140,70,25.951,23.614,14,0.0827,0.0978,0.1013,0.1789,0.2993,0.2231,0.277,-0.293,시가지
1141,73,26.879,25.999,14,0.0601,0.1035,0.0956,0.3118,0.2750,0.1892,0.530,-0.502,시가지
1142,80,32.959,26.332,15,0.1513,0.1235,0.1153,0.2566,0.2345,0.2127,0.380,-0.350,시가지
1143,6,32.377,21.119,15,0.0189,0.0545,0.0332,0.3460,0.1383,0.0654,0.825,-0.728,산림
1144,70,25.784,23.850,14,0.0949,0.1163,0.1150,0.1748,0.2355,0.2530,0.206,-0.201,시가지
1145,34,30.594,9.888,3,0.0256,0.0567,0.0251,0.4168,0.1482,0.0911,0.887,-0.760,산림
1146,12,31.674,4.552,3,0.0256,0.0463,0.0318,0.3131,0.1697,0.0975,0.816,-0.742,산림
1147,96,27.611,30.906,20,0.1141,0.1260,0.1620,0.1990,0.3086,0.2470,0.102,-0.225,나지
1148,94,38.075,28.199,15,0.1465,0.1080,0.1368,0.2709,0.2601,0.2090,0.329,-0.430,나지
1149,103,4.613,4.870,0,0.0583,0.0662,0.0616,0.1088,0.0663,0.0562,0.277,-0.244,갯벌
1150,59,18.939,2.005,1,0.0494,0.0949,0.0580,0.2476,0.3562,0.1321,0.620,-0.446,농경지
1151,59,18.993,2.349,1,0.0547,0.0986,0.0581,0.2643,0.3037,0.1218,0.640,-0.457,농경지
1152,32,40.498,17.967,10,0.0384,0.0374,0.0454,0.4369,0.1866,0.0888,0.812,-0.842,산림
1153,47,13.194,20.828,13,0.0755,0.1028,0.1262,0.2424,0.2330,0.2122,0.315,-0.404,농경지
1154,95,30.886,20.445,15,0.1110,0.1184,0.1426,0.2091,0.2353,0.2644,0.189,-0.277,나지
1155,80,32.511,26.818,15,0.1255,0.1094,0.1149,0.2425,0.2846,0.2252,0.357,-0.378,시가지
1156,58,19.485,1.554,1,0.0381,0.0953,0.0741,0.2835,0.2755,0.1174,0.585,-0.497,농경지
1157,29,33.946,4.925,3,0.0271,0.0411,0.0259,0.2384,0.1455,0.0665,0.804,-0.706,산림
1158,3,46.621,9.489,4,0.0351,0.0591,0.0263,0.2668,0.1131,0.0673,0.820,-0.637,산림
1159,100,43.257,9.817,4,0.1283,0.1709,0.1613,0.2376,0.2305,0.2462,0.191,-0.163,나지
1160,94,37.445,28.332,15,0.1293,0.1062,0.1652,0.2857,0.2577,0.1992,0.267,-0.458,나지
1161,51,22.265,0.000,2,0.0408,0.0858,0.0869,0.3065,0.1883,0.1344,0.558,-0.563,농경지
1162,100,43.107,10.367,10,0.1254,0.1920,0.1622,0.2593,0.2541,0.2162,0.230,-0.149,나지
1163,8,44.542,2.826,4,0.0231,0.0442,0.0199,0.3601,0.2486,0.0856,0.895,-0.781,산림
1164,20,42.609,26.686,16,0.0270,0.0442,0.0294,0.2694,0.1649,0.0653,0.803,-0.718,산림
1165,95,30.743,20.486,15,0.1109,0.1225,0.1290,0.1967,0.2499,0.2887,0.208,-0.232,나지
1166,1,32.973,9.307,3,0.0324,0.0446,0.0354,0.3400,0.1364,0.0673,0.811,-0.768,산림
1167,53,13.590,32.441,19,0.0509,0.0870,0.0604,0.2619,0.2474,0.1158,0.625,-0.501,농경지
1168,9,54.553,7.417,5,0.0296,0.0466,0.0315,0.2954,0.1764,0.0812,0.807,-0.727,산림
1169,102,5.313,3.256,0,0.0770,0.0641,0.0738,0.1005,0.1065,0.0551,0.153,-0.221,갯벌
1170,55,15.897,18.845,7,0.0414,0.1043,0.0484,0.1743,0.1855,0.1405,0.566,-0.252,농경지
1171,61,33.645,33.200,21,0.0788,0.0755,0.0783,0.2410,0.2176,0.1113,0.509,-0.523,농경지
1172,83,12.247,4.492,1,0.0726,0.0486,0.0292,0.0157,0.0133,0.0088,-0.299,0.511,수계
1173,37,24.936,11.113,8,0.0312,0.0700,0.0574,0.2193,0.2592,0.1223,0.585,-0.516,농경지
1174,45,27.055,29.952,14,0.0795,0.1017,0.1195,0.2571,0.3214,0.1697,0.365,-0.433,농경지
1175,2,31.979,16.025,9,0.0431,0.0585,0.0274,0.3575,0.2169,0.0760,0.858,-0.719,산림
1176,41,37.482,8.752,3,0.0756,0.1045,0.1175,0.2417,0.2403,0.2344,0.346,-0.396,농경지
1177,63,25.228,5.763,2,0.0513,0.0761,0.0434,0.2877,0.1841,0.0945,0.738,-0.582,농경지
1178,56,40.923,34.757,22,0.0484,0.0867,0.0488,0.2150,0.2582,0.1738,0.630,-0.425,농경지
1179,61,33.694,32.733,21,0.0692,0.0706,0.0787,0.2220,0.2254,0.1121,0.476,-0.517,농경지
1180,55,15.736,19.173,7,0.0463,0.0857,0.0486,0.2122,0.2162,0.1167,0.627,-0.425,농경지
1181,14,42.316,39.129,22,0.0230,0.0424,0.0382,0.2907,0.1812,0.0834,0.768,-0.745,산림
1182,47,13.025,20.615,13,0.0913,0.1086,0.1210,0.2508,0.2355,0.1783,0.349,-0.396,농경지
1183,4,33.497,1.185,3,0.0291,0.0505,0.0333,0.3938,0.1543,0.0685,0.844,-0.773,산림
1184,9,54.531,7.349,5,0.0217,0.0326,0.0363,0.3145,0.1862,0.0699,0.793,-0.812,산림
1185,43,44.648,8.767,4,0.0526,0.0746,0.0623,0.2931,0.2729,0.1339,0.650,-0.594,농경지
1186,2,32.092,16.086,9,0.0421,0.0539,0.0350,0.3302,0.2296,0.0723,0.808,-0.719,산림
1187,66,21.740,14.241,8,0.0868,0.0863,0.1064,0.1757,0.2769,0.2031,0.245,-0.341,시가지
1188,75,20.055,29.753,14,0.0928,0.1030,0.1638,0.1960,0.2360,0.1474,0.089,-0.311,시가지
1189,90,34.600,30.864,21,0.0506,0.0457,0.0193,0.0294,0.0118,0.0109,0.207,0.218,수계
1190,30,32.573,23.163,15,0.0242,0.0593,0.0329,0.3395,0.1221,0.0818,0.823,-0.703,산림
1191,39,17.434,34.174,19,0.0373,0.0717,0.0662,0.2570,0.2199,0.0953,0.590,-0.564,농경지
1192,59,19.029,2.423,1,0.0496,0.0768,0.0503,0.2576,0.3262,0.1236,0.673,-0.541,농경지
1193,71,17.404,16.267,7,0.1188,0.1307,0.1323,0.1791,0.2354,0.1900,0.150,-0.156,시가지
1194,85,12.224,19.050,7,0.0893,0.0564,0.0339,0.0167,0.0109,0.0095,-0.339,0.542,수계
1195,92,35.450,15.804,9,0.0640,0.0585,0.0275,0.0129,0.0174,0.0167,-0.360,0.638,수계
1196,59,19.369,2.307,1,0.0483,0.0832,0.0564,0.2713,0.2956,0.1239,0.656,-0.531,농경지
1197,43,44.823,8.700,4,0.0467,0.0768,0.0643,0.3041,0.2533,0.1262,0.651,-0.597,농경지
1198,56,40.666,34.580,22,0.0401,0.0820,0.0516,0.2294,0.2577,0.1607,0.632,-0.473,농경지
1199,67,26.344,15.782,8,0.1072,0.0912,0.1304,0.2027,0.2257,0.2116,0.217,-0.379,시가지
1200,65,24.939,19.169,8,0.0804,0.1046,0.1222,0.2658,0.1894,0.2183,0.370,-0.435,시가지
1201,16,57.111,14.768,11,0.0263,0.0532,0.0270,0.3479,0.1847,0.0533,0.856,-0.735,산림
1202,15,51.979,12.691,11,0.0304,0.0558,0.0296,0.3413,0.1556,0.0438,0.840,-0.719,산림
1203,77,15.981,24.183,13,0.1127,0.1151,0.1916,0.2813,0.2930,0.3387,0.190,-0.419,시가지
1204,44,18.582,22.533,13,0.0446,0.0770,0.0781,0.2811,0.2445,0.1231,0.565,-0.570,농경지
1205,55,16.067,19.108,7,0.0519,0.1046,0.0441,0.2130,0.1937,0.1346,0.657,-0.342,농경지
1206,43,44.623,9.072,4,0.0560,0.0833,0.0579,0.3125,0.2666,0.1348,0.687,-0.579,농경지
1207,101,2.716,37.945,18,0.1121,0.0955,0.0776,0.0874,0.0622,0.0516,0.059,0.044,갯벌
1208,38,29.297,22.408,14,0.0596,0.0828,0.0467,0.2370,0.2754,0.1671,0.671,-0.482,농경지
1209,102,5.787,2.847,0,0.0704,0.0560,0.0802,0.0880,0.1039,0.0482,0.046,-0.223,갯벌
1210,78,23.419,24.930,14,0.0872,0.0973,0.1052,0.1895,0.2586,0.1981,0.286,-0.322,시가지
1211,10,33.556,6.646,3,0.0255,0.0449,0.0282,0.3052,0.1723,0.0612,0.831,-0.744,산림
1212,26,48.836,23.332,16,0.0300,0.0462,0.0295,0.2706,0.1655,0.0716,0.803,-0.708,산림
1213,94,37.784,28.203,15,0.1264,0.0969,0.1331,0.2984,0.2714,0.2345,0.383,-0.510,나지
1214,65,25.079,19.181,8,0.0918,0.1101,0.1432,0.2429,0.2558,0.2048,0.258,-0.376,시가지
1215,59,19.708,2.098,1,0.0457,0.0955,0.0429,0.2510,0.3355,0.1370,0.708,-0.449,농경지
1216,46,25.495,9.554,2,0.0622,0.0590,0.0573,0.2524,0.2085,0.1188,0.630,-0.621,농경지
1217,44,18.105,22.038,13,0.0434,0.0623,0.0826,0.2865,0.2486,0.1017,0.553,-0.643,농경지
1218,20,43.153,25.945,16,0.0298,0.0421,0.0211,0.2457,0.1757,0.0552,0.842,-0.707,산림
1219,73,26.967,25.338,14,0.0612,0.0906,0.1197,0.3100,0.2750,0.1895,0.443,-0.548,시가지
1220,88,52.630,28.067,17,0.0779,0.0606,0.0271,0.0169,0.0123,0.0069,-0.232,0.564,수계
1221,88,52.412,28.383,17,0.0653,0.0628,0.0372,0.0365,0.0135,0.0144,-0.009,0.265,수계
1222,81,48.962,1.446,4,0.0527,0.0392,0.0407,0.0274,0.0177,0.0098,-0.195,0.176,수계
1223,11,49.597,3.096,4,0.0310,0.0260,0.0274,0.3338,0.1750,0.0673,0.848,-0.856,산림
1224,36,22.659,37.474,20,0.0484,0.0795,0.0850,0.3461,0.2234,0.0824,0.605,-0.626,농경지
1225,57,31.928,5.590,3,0.0651,0.0712,0.0534,0.3097,0.1872,0.1396,0.706,-0.626,농경지
1226,20,42.738,25.911,16,0.0295,0.0440,0.0246,0.2537,0.1883,0.0651,0.823,-0.704,산림
1227,60,15.008,34.926,19,0.0478,0.1213,0.0594,0.2384,0.2170,0.0910,0.601,-0.326,농경지
1228,73,27.010,25.328,14,0.0547,0.0859,0.1106,0.3150,0.2750,0.1645,0.480,-0.571,시가지
1229,103,4.926,4.284,0,0.0653,0.0870,0.0707,0.1122,0.0628,0.0542,0.227,-0.126,갯벌
1230,28,34.929,17.301,9,0.0400,0.0624,0.0362,0.2834,0.1942,0.0563,0.774,-0.639,산림
1231,7,36.526,36.312,21,0.0221,0.0350,0.0387,0.2989,0.1812,0.0485,0.771,-0.790,산림
1232,102,6.109,3.367,0,0.0710,0.0723,0.0692,0.1077,0.1075,0.0612,0.218,-0.197,갯벌
1233,3,46.934,9.713,4,0.0334,0.0476,0.0332,0.3065,0.1077,0.0654,0.804,-0.731,산림
1234,86,21.592,38.291,20,0.0744,0.0560,0.0230,0.0213,0.0096,0.0082,-0.037,0.448,수계
1235,13,59.268,34.607,23,0.0369,0.0567,0.0324,0.2438,0.1442,0.0681,0.765,-0.623,산림
1236,7,36.558,36.914,21,0.0209,0.0558,0.0294,0.3294,0.1733,0.0632,0.836,-0.710,산림
1237,59,19.549,2.123,1,0.0368,0.0827,0.0488,0.2445,0.2905,0.1442,0.667,-0.494,농경지
1238,90,34.729,30.507,21,0.0653,0.0548,0.0187,0.0283,0.0108,0.0045,0.202,0.320,수계
1239,85,11.926,19.161,7,0.0748,0.0541,0.0275,0.0324,0.0177,0.0056,0.082,0.250,수계
1240,90,35.049,30.356,21,0.0421,0.0507,0.0244,0.0312,0.0154,0.0034,0.122,0.238,수계
1241,96,27.968,30.290,20,0.1173,0.1199,0.1264,0.2572,0.2851,0.2539,0.341,-0.364,나지
1242,40,19.905,35.978,19,0.0865,0.1241,0.1053,0.2563,0.2529,0.1614,0.418,-0.348,농경지
1243,78,23.132,25.148,14,0.0786,0.1101,0.1134,0.1765,0.2441,0.2055,0.218,-0.232,시가지
1244,100,43.243,10.359,10,0.1199,0.1597,0.1455,0.2425,0.2833,0.2736,0.250,-0.206,나지
1245,23,58.156,27.217,17,0.0235,0.0541,0.0288,0.2700,0.1936,0.0638,0.807,-0.666,산림
1246,63,24.914,5.454,2,0.0590,0.0676,0.0483,0.3186,0.2169,0.0884,0.737,-0.650,농경지
1247,36,23.272,37.832,20,0.0460,0.0889,0.0884,0.2904,0.2346,0.1002,0.533,-0.531,농경지
1248,28,34.609,17.455,9,0.0421,0.0672,0.0231,0.2491,0.1922,0.0508,0.830,-0.575,산림
1249,62,30.381,18.807,9,0.0502,0.0969,0.0559,0.2142,0.2326,0.1027,0.586,-0.377,농경지
1250,79,19.352,16.478,7,0.1064,0.1132,0.1160,0.1600,0.2650,0.1716,0.159,-0.171,시가지
1251,91,55.000,2.223,5,0.0519,0.0504,0.0266,0.0244,0.0145,0.0059,-0.045,0.348,수계
1252,94,37.611,27.686,15,0.1447,0.0992,0.1337,0.2990,0.2664,0.2048,0.382,-0.502,나지
1253,86,21.855,38.439,20,0.0711,0.0573,0.0232,0.0262,0.0128,0.0036,0.062,0.372,수계
1254,23,57.390,27.336,17,0.0255,0.0437,0.0263,0.2511,0.1825,0.0687,0.811,-0.704,산림
1255,35,33.948,0.662,3,0.0560,0.0837,0.0657,0.2504,0.3163,0.1272,0.584,-0.499,농경지
1256,77,15.764,24.403,13,0.1264,0.1049,0.1714,0.3102,0.3067,0.3454,0.288,-0.495,시가지
1257,60,15.310,35.325,19,0.0407,0.1119,0.0853,0.2493,0.2417,0.0952,0.490,-0.380,농경지
1258,45,27.524,29.650,14,0.0889,0.1045,0.1065,0.2634,0.3128,0.1761,0.424,-0.432,농경지
1259,86,21.394,38.543,20,0.0654,0.0604,0.0236,0.0159,0.0139,0.0139,-0.193,0.582,수계
1260,36,23.395,38.117,20,0.0393,0.0735,0.0864,0.3023,0.2327,0.0862,0.555,-0.609,농경지
1261,57,32.157,6.133,3,0.0585,0.0762,0.0504,0.2875,0.1863,0.1301,0.702,-0.581,농경지
1262,82,6.411,30.516,18,0.0498,0.0669,0.0275,0.0218,0.0127,0.0044,-0.117,0.509,수계
1263,68,25.955,29.314,14,0.1225,0.0941,0.1132,0.2154,0.2034,0.2341,0.311,-0.392,시가지
1264,50,23.312,25.327,14,0.0540,0.0823,0.0781,0.2488,0.1675,0.1279,0.522,-0.503,농경지
1265,66,22.149,13.821,8,0.0937,0.1011,0.1328,0.1540,0.2538,0.1993,0.074,-0.208,시가지
1266,24,58.032,26.301,17,0.0311,0.0689,0.0392,0.3392,0.1585,0.0472,0.793,-0.662,산림
1267,88,52.326,28.784,17,0.0682,0.0511,0.0320,0.0311,0.0148,0.0132,-0.014,0.243,수계
1268,5,34.088,28.645,15,0.0381,0.0805,0.0199,0.3351,0.1257,0.0674,0.888,-0.612,산림
1269,19,32.156,2.098,3,0.0422,0.0569,0.0295,0.5454,0.1014,0.0599,0.897,-0.811,산림
1270,74,17.011,20.278,13,0.0987,0.1107,0.1446,0.2336,0.2642,0.2126,0.235,-0.357,시가지
1271,90,34.752,30.605,21,0.0612,0.0514,0.0114,0.0191,0.0033,0.0071,0.252,0.458,수계
1272,43,44.974,8.801,4,0.0459,0.0728,0.0524,0.3357,0.2287,0.1350,0.730,-0.644,농경지
1273,41,37.218,9.356,3,0.0847,0.1095,0.1241,0.3012,0.2466,0.2192,0.417,-0.467,농경지
1274,3,46.539,10.405,10,0.0347,0.0453,0.0309,0.2793,0.0980,0.0722,0.801,-0.721,산림
1275,47,12.846,20.630,13,0.0896,0.1091,0.1384,0.2486,0.2374,0.1730,0.285,-0.390,농경지
1276,19,32.701,2.412,3,0.0483,0.0488,0.0249,0.4948,0.1073,0.0690,0.904,-0.820,산림
1277,36,23.476,38.352,20,0.0338,0.0975,0.0752,0.2992,0.2139,0.0911,0.598,-0.508,농경지
1278,98,36.402,27.998,15,0.1122,0.1653,0.1513,0.2238,0.2710,0.2595,0.193,-0.151,나지
1279,48,37.648,25.236,15,0.0795,0.0895,0.1203,0.2678,0.2480,0.1859,0.380,-0.499,농경지
1280,95,30.852,20.364,15,0.1018,0.1230,0.1316,0.2111,0.2618,0.2663,0.232,-0.263,나지
1281,58,19.534,1.564,1,0.0510,0.0994,0.0619,0.2667,0.2503,0.1278,0.623,-0.457,농경지
1282,98,35.739,27.443,15,0.1129,0.1754,0.1421,0.2505,0.3139,0.2338,0.276,-0.176,나지
1283,8,44.670,2.859,4,0.0316,0.0320,0.0118,0.3727,0.2043,0.0707,0.939,-0.842,산림
1284,85,11.549,18.651,7,0.0737,0.0556,0.0261,0.0220,0.0053,0.0065,-0.087,0.434,수계
1285,3,46.523,9.650,4,0.0350,0.0445,0.0328,0.2935,0.1135,0.0756,0.799,-0.737,산림
1286,8,44.713,2.572,4,0.0317,0.0385,0.0234,0.4014,0.2143,0.0820,0.890,-0.825,산림
1287,89,41.949,28.165,16,0.0398,0.0456,0.0314,0.0174,0.0149,0.0127,-0.287,0.447,수계
1288,71,17.972,16.382,7,0.1202,0.1216,0.1267,0.1852,0.2124,0.1928,0.187,-0.207,시가지
1289,30,32.202,23.380,15,0.0289,0.0491,0.0364,0.3890,0.1249,0.0659,0.829,-0.776,산림
1290,54,19.349,15.206,7,0.0719,0.1022,0.1090,0.2271,0.2576,0.1890,0.351,-0.379,농경지
1291,30,32.313,23.598,15,0.0284,0.0606,0.0341,0.4115,0.1361,0.0665,0.847,-0.743,산림
1292,10,33.144,6.733,3,0.0255,0.0330,0.0270,0.2896,0.1784,0.0625,0.830,-0.796,산림
1293,7,36.475,36.303,21,0.0188,0.0556,0.0337,0.3160,0.1664,0.0559,0.807,-0.701,산림
1294,32,40.862,17.526,10,0.0321,0.0420,0.0420,0.4004,0.2175,0.0737,0.810,-0.810,산림
1295,100,42.961,10.070,10,0.1294,0.1651,0.1536,0.2470,0.2346,0.2375,0.233,-0.199,나지
1296,48,37.328,24.921,15,0.0835,0.0997,0.1102,0.2596,0.2884,0.1863,0.404,-0.445,농경지
1297,28,34.479,16.668,9,0.0417,0.0680,0.0306,0.2301,0.2069,0.0482,0.765,-0.544,산림
1298,25,37.983,4.765,3,0.0263,0.0330,0.0195,0.3071,0.1596,0.0542,0.881,-0.806,산림
1299,18,33.341,17.990,9,0.0265,0.0648,0.0365,0.3073,0.1434,0.0779,0.787,-0.652,산림
1300,89,42.124,27.748,16,0.0341,0.0452,0.0188,0.0152,0.0181,0.0071,-0.105,0.496,수계
1301,45,27.581,30.423,20,0.0762,0.0880,0.1233,0.2908,0.3259,0.1620,0.405,-0.535,농경지
1302,6,32.262,21.185,15,0.0210,0.0688,0.0297,0.3507,0.1541,0.0839,0.844,-0.672,산림
1303,91,54.535,2.373,5,0.0544,0.0506,0.0268,0.0227,0.0177,0.0070,-0.082,0.381,수계
1304,33,32.765,10.221,9,0.0261,0.0463,0.0255,0.3443,0.1531,0.0573,0.862,-0.763,산림
1305,95,30.760,20.092,15,0.0981,0.1244,0.1526,0.1748,0.2675,0.2625,0.068,-0.168,나지
1306,59,19.633,2.367,1,0.0448,0.0871,0.0528,0.2675,0.3126,0.1338,0.670,-0.509,농경지
1307,47,12.932,21.139,13,0.0783,0.1103,0.1141,0.2644,0.2114,0.1969,0.397,-0.411,농경지
1308,77,15.797,24.993,13,0.1340,0.0971,0.1591,0.3009,0.3111,0.3469,0.308,-0.512,시가지
1309,9,54.237,7.954,5,0.0255,0.0336,0.0307,0.2698,0.1648,0.0731,0.796,-0.778,산림
1310,31,52.469,32.382,23,0.0235,0.0576,0.0305,0.3298,0.1479,0.0714,0.831,-0.703,산림
1311,36,23.017,38.119,20,0.0427,0.0766,0.0768,0.3483,0.2452,0.0894,0.639,-0.639,농경지
1312,5,34.251,28.510,15,0.0275,0.0777,0.0316,0.3238,0.1546,0.0733,0.822,-0.613,산림
1313,90,34.964,30.916,21,0.0538,0.0392,0.0179,0.0243,0.0071,0.0064,0.152,0.235,수계
1314,85,11.342,18.966,7,0.0794,0.0642,0.0292,0.0279,0.0141,0.0069,-0.022,0.394,수계
1315,2,31.923,15.920,9,0.0350,0.0585,0.0337,0.3565,0.2242,0.0685,0.827,-0.718,산림
1316,32,41.005,18.219,10,0.0345,0.0283,0.0366,0.3896,0.2037,0.0942,0.828,-0.864,산림
1317,89,42.310,28.197,16,0.0396,0.0575,0.0239,0.0213,0.0178,0.0049,-0.055,0.459,수계
1318,101,2.839,37.894,18,0.1108,0.0917,0.0733,0.0854,0.0847,0.0522,0.076,0.036,갯벌
1319,6,32.251,21.146,15,0.0264,0.0608,0.0420,0.3415,0.1409,0.0939,0.781,-0.698,산림
1320,14,42.379,38.946,22,0.0269,0.0535,0.0396,0.2790,0.1639,0.0940,0.751,-0.678,산림
1321,72,23.571,12.432,8,0.1004,0.0895,0.1357,0.1915,0.2805,0.1947,0.170,-0.363,시가지
1322,90,34.280,31.233,21,0.0534,0.0542,0.0295,0.0237,0.0100,0.0119,-0.109,0.392,수계
1323,51,22.761,0.477,2,0.0384,0.0776,0.0803,0.2614,0.1675,0.1329,0.530,-0.542,농경지
1324,22,44.105,30.557,22,0.0291,0.0501,0.0255,0.2523,0.1500,0.0505,0.817,-0.668,산림
1325,33,32.894,10.012,9,0.0293,0.0552,0.0306,0.3641,0.1467,0.0462,0.845,-0.737,산림
1326,43,44.411,8.943,4,0.0514,0.0612,0.0588,0.2918,0.2259,0.1121,0.665,-0.653,농경지
1327,65,25.220,19.303,8,0.0822,0.0970,0.1217,0.2544,0.2129,0.1751,0.353,-0.448,시가지
1328,40,20.210,35.193,20,0.0980,0.1207,0.1268,0.2384,0.2935,0.1546,0.306,-0.328,농경지
1329,33,33.086,9.931,3,0.0265,0.0541,0.0217,0.3632,0.1307,0.0519,0.887,-0.741,산림
1330,43,45.403,9.502,4,0.0483,0.0771,0.0570,0.2986,0.2485,0.1536,0.679,-0.590,농경지
1331,7,37.338,36.767,21,0.0166,0.0368,0.0377,0.3126,0.1913,0.0616,0.785,-0.789,산림
1332,83,12.546,5.046,1,0.0725,0.0478,0.0328,0.0170,0.0119,0.0038,-0.317,0.474,수계
1333,91,54.559,2.391,5,0.0559,0.0427,0.0275,0.0157,0.0158,0.0086,-0.275,0.463,수계
1334,75,19.874,30.118,19,0.0991,0.1068,0.1324,0.2003,0.2631,0.1527,0.204,-0.305,시가지
1335,55,15.685,18.968,7,0.0517,0.0903,0.0501,0.1889,0.1984,0.1379,0.581,-0.353,농경지
1336,38,29.248,22.629,14,0.0486,0.0804,0.0405,0.2194,0.2096,0.1925,0.688,-0.464,농경지
1337,26,48.559,22.789,16,0.0258,0.0376,0.0267,0.2918,0.1604,0.0715,0.833,-0.772,산림
1338,47,12.735,21.052,13,0.0736,0.1133,0.1361,0.2602,0.2745,0.2053,0.313,-0.393,농경지
1339,40,19.704,35.666,19,0.0933,0.0981,0.1205,0.2741,0.2604,0.1534,0.389,-0.473,농경지
1340,82,6.843,30.451,18,0.0553,0.0593,0.0272,0.0206,0.0208,0.0010,-0.139,0.485,수계
1341,22,44.502,30.545,22,0.0290,0.0438,0.0260,0.2458,0.1670,0.0637,0.809,-0.698,산림
1342,33,32.794,10.446,9,0.0352,0.0441,0.0275,0.3230,0.1379,0.0448,0.843,-0.760,산림
1343,90,34.695,30.384,21,0.0539,0.0476,0.0241,0.0279,0.0162,0.0089,0.073,0.260,수계
1344,37,24.622,11.430,8,0.0338,0.0678,0.0715,0.2098,0.2194,0.1516,0.492,-0.512,농경지
1345,1,32.957,9.204,3,0.0185,0.0514,0.0261,0.3098,0.1225,0.0592,0.844,-0.715,산림
1346,81,49.084,1.412,4,0.0459,0.0437,0.0437,0.0244,0.0156,0.0093,-0.284,0.283,수계
1347,78,23.457,24.917,14,0.0895,0.1148,0.1059,0.1794,0.2206,0.1982,0.258,-0.220,시가지
1348,47,13.161,20.840,13,0.0926,0.1042,0.1188,0.2574,0.2628,0.2112,0.368,-0.424,농경지
1349,23,57.615,27.686,17,0.0240,0.0530,0.0350,0.2479,0.1697,0.0581,0.753,-0.648,산림
1350,92,35.603,16.135,9,0.0597,0.0538,0.0344,0.0176,0.0078,0.0077,-0.322,0.506,수계
1351,15,51.845,12.488,11,0.0363,0.0614,0.0332,0.3377,0.1828,0.0464,0.821,-0.692,산림
1352,19,32.292,1.304,3,0.0378,0.0579,0.0272,0.4946,0.1161,0.0672,0.896,-0.790,산림
1353,45,27.513,29.777,14,0.0835,0.1013,0.1138,0.2452,0.2810,0.1747,0.366,-0.415,농경지
1354,11,49.456,2.822,4,0.0342,0.0291,0.0264,0.3171,0.1739,0.0676,0.846,-0.832,산림
1355,57,31.930,5.827,3,0.0624,0.0780,0.0449,0.2892,0.2144,0.1677,0.731,-0.575,농경지
1356,46,25.417,9.972,2,0.0685,0.0612,0.0626,0.2359,0.1988,0.1417,0.581,-0.588,농경지
1357,75,20.124,29.945,14,0.0936,0.1070,0.1549,0.2087,0.2669,0.1495,0.148,-0.322,시가지
1358,3,47.030,10.334,10,0.0353,0.0514,0.0314,0.3057,0.1138,0.0712,0.814,-0.712,산림
1359,73,27.115,25.868,14,0.0598,0.1011,0.1036,0.2880,0.2851,0.1819,0.471,-0.480,시가지
1360,28,34.730,17.238,9,0.0236,0.0732,0.0358,0.3048,0.2132,0.0583,0.790,-0.613,산림
1361,49,33.087,12.609,9,0.0768,0.1200,0.1141,0.2269,0.2183,0.1840,0.331,-0.308,농경지
1362,82,6.286,30.300,18,0.0532,0.0675,0.0316,0.0201,0.0165,0.0167,-0.223,0.541,수계
1363,53,13.568,32.216,19,0.0531,0.0811,0.0621,0.2714,0.2343,0.1270,0.627,-0.540,농경지
1364,104,6.314,17.981,6,0.0497,0.0648,0.0804,0.1681,0.0725,0.0619,0.353,-0.444,갯벌
1365,45,27.137,29.873,14,0.0799,0.1062,0.1124,0.2692,0.2822,0.1792,0.411,-0.434,농경지
1366,48,37.229,25.124,15,0.0804,0.0823,0.1120,0.2631,0.2177,0.2072,0.403,-0.523,농경지
1367,73,27.119,25.977,14,0.0600,0.0891,0.0925,0.3310,0.2606,0.1810,0.563,-0.576,시가지
1368,73,27.138,25.842,14,0.0589,0.1008,0.1108,0.3268,0.3125,0.2050,0.494,-0.529,시가지
1369,42,38.964,29.995,15,0.0756,0.0983,0.0558,0.2878,0.2183,0.1254,0.675,-0.491,농경지
1370,74,16.755,20.929,13,0.0962,0.1148,0.1200,0.2746,0.2735,0.2227,0.392,-0.410,시가지
1371,6,32.508,21.245,15,0.0212,0.0551,0.0300,0.3500,0.1314,0.0822,0.842,-0.728,산림
1372,59,19.442,2.260,1,0.0536,0.0786,0.0476,0.2844,0.2740,0.1273,0.713,-0.567,농경지
1373,46,25.284,9.405,2,0.0565,0.0708,0.0508,0.2517,0.2088,0.1288,0.664,-0.561,농경지
1374,100,42.972,10.302,10,0.1285,0.1965,0.1506,0.2521,0.2470,0.2475,0.252,-0.124,나지
1375,37,24.968,11.346,8,0.0312,0.0867,0.0617,0.2031,0.2436,0.1576,0.534,-0.402,농경지
1376,58,18.799,1.312,1,0.0385,0.0981,0.0758,0.2581,0.2529,0.1011,0.546,-0.449,농경지
1377,11,49.574,2.715,4,0.0370,0.0317,0.0330,0.3167,0.1735,0.0668,0.811,-0.818,산림
1378,65,24.850,18.921,8,0.0930,0.1222,0.1333,0.2859,0.2125,0.2233,0.364,-0.401,시가지
1379,45,27.494,29.697,14,0.0788,0.1110,0.1063,0.2574,0.3490,0.1846,0.415,-0.397,농경지
1380,33,32.725,9.980,3,0.0362,0.0551,0.0252,0.3651,0.1297,0.0494,0.871,-0.738,산림
1381,95,30.231,20.452,15,0.1236,0.1268,0.1377,0.2143,0.2470,0.2424,0.218,-0.257,나지
1382,45,27.941,29.957,14,0.0777,0.1050,0.1219,0.2697,0.3044,0.1884,0.378,-0.440,농경지
1383,91,54.911,2.037,5,0.0559,0.0451,0.0338,0.0262,0.0193,0.0115,-0.127,0.265,수계
1384,94,37.748,27.731,15,0.1401,0.1070,0.1460,0.2828,0.3176,0.2302,0.319,-0.451,나지
1385,16,57.164,14.726,11,0.0251,0.0429,0.0258,0.4234,0.1836,0.0499,0.885,-0.816,산림
1386,64,37.320,20.436,15,0.0405,0.0761,0.0443,0.2821,0.2245,0.1463,0.729,-0.575,농경지
1387,55,15.893,19.173,7,0.0430,0.0866,0.0512,0.1854,0.1959,0.1383,0.567,-0.363,농경지
1388,42,38.706,29.811,15,0.0871,0.0864,0.0622,0.2353,0.2092,0.1225,0.582,-0.463,농경지
1389,17,59.497,20.057,17,0.0217,0.0413,0.0341,0.4707,0.1769,0.0609,0.865,-0.839,산림
1390,25,37.963,4.498,3,0.0279,0.0358,0.0298,0.2813,0.1715,0.0676,0.808,-0.774,산림
1391,55,15.841,19.287,7,0.0464,0.0909,0.0467,0.1777,0.1991,0.1540,0.584,-0.323,농경지
1392,57,31.497,5.574,3,0.0644,0.0791,0.0497,0.3024,0.1815,0.1547,0.718,-0.585,농경지
1393,33,32.432,10.185,9,0.0335,0.0477,0.0261,0.3227,0.1343,0.0557,0.850,-0.742,산림
1394,30,32.554,23.582,15,0.0273,0.0539,0.0362,0.3902,0.1296,0.0590,0.830,-0.757,산림
1395,39,17.598,34.266,19,0.0463,0.0913,0.0840,0.2680,0.2285,0.0936,0.523,-0.492,농경지
1396,86,21.125,38.687,20,0.0587,0.0473,0.0192,0.0198,0.0121,0.0133,0.015,0.409,수계
1397,42,38.538,30.230,21,0.0957,0.0787,0.0498,0.2414,0.2021,0.1100,0.658,-0.508,농경지
1398,86,21.635,38.365,20,0.0729,0.0561,0.0100,0.0195,0.0194,0.0045,0.323,0.485,수계
1399,94,37.248,28.186,15,0.1512,0.0965,0.1387,0.2819,0.2753,0.2413,0.340,-0.490,나지
1400,47,12.901,20.310,13,0.0804,0.1029,0.1193,0.2660,0.2724,0.1857,0.381,-0.442,농경지
1401,89,42.200,28.122,16,0.0397,0.0420,0.0278,0.0065,0.0109,0.0024,-0.620,0.731,수계
1402,38,28.956,22.442,14,0.0574,0.0722,0.0496,0.2215,0.2150,0.1720,0.634,-0.508,농경지
1403,61,33.443,32.910,21,0.0660,0.0789,0.0718,0.1977,0.2426,0.1399,0.467,-0.430,농경지
1404,82,6.987,30.416,18,0.0572,0.0633,0.0263,0.0169,0.0094,0.0127,-0.217,0.579,수계
1405,55,15.441,18.560,7,0.0472,0.1021,0.0504,0.1989,0.1986,0.1329,0.596,-0.321,농경지
1406,78,23.613,24.863,14,0.0727,0.1134,0.0870,0.1729,0.2590,0.1781,0.330,-0.208,시가지
1407,82,6.720,30.107,18,0.0420,0.0584,0.0236,0.0255,0.0170,0.0146,0.039,0.392,수계
1408,37,25.169,11.752,8,0.0315,0.0730,0.0573,0.2016,0.2536,0.1402,0.557,-0.468,농경지
1409,93,46.238,29.135,16,0.1164,0.1631,0.1326,0.2868,0.3080,0.2233,0.368,-0.275,나지
1410,72,23.691,12.378,8,0.1012,0.0857,0.1267,0.1886,0.2859,0.1942,0.197,-0.375,시가지
1411,68,24.843,29.813,14,0.1072,0.0985,0.1057,0.2534,0.1621,0.2634,0.411,-0.440,시가지
1412,11,49.641,2.742,4,0.0343,0.0408,0.0298,0.3400,0.1790,0.0715,0.839,-0.786,산림
1413,97,18.841,21.543,13,0.0842,0.1424,0.1694,0.2464,0.2830,0.2582,0.185,-0.268,나지
1414,6,32.203,21.460,15,0.0204,0.0499,0.0252,0.3992,0.1569,0.0678,0.881,-0.778,산림
1415,47,12.963,20.911,13,0.0646,0.1049,0.1105,0.2769,0.2633,0.2053,0.430,-0.451,농경지
1416,19,33.058,1.759,3,0.0371,0.0459,0.0245,0.4944,0.0998,0.0704,0.905,-0.830,산림
1417,18,32.865,17.508,9,0.0289,0.0570,0.0325,0.3062,0.1203,0.0743,0.808,-0.686,산림
1418,41,37.466,8.951,3,0.0778,0.1086,0.1245,0.2984,0.2362,0.1931,0.411,-0.466,농경지
1419,3,46.817,10.002,10,0.0373,0.0598,0.0367,0.2880,0.1145,0.0744,0.774,-0.656,산림
1420,34,30.696,9.682,3,0.0280,0.0613,0.0286,0.4690,0.1771,0.0858,0.885,-0.769,산림
1421,96,27.330,30.626,20,0.1336,0.1211,0.1521,0.2157,0.2996,0.2136,0.173,-0.281,나지
1422,9,54.498,7.316,5,0.0253,0.0379,0.0350,0.2576,0.1886,0.0698,0.761,-0.744,산림
1423,86,21.055,38.855,20,0.0629,0.0452,0.0195,0.0227,0.0144,0.0070,0.075,0.331,수계
1424,71,17.457,16.089,7,0.1147,0.1216,0.1093,0.1573,0.1768,0.1918,0.180,-0.128,시가지
1425,103,4.631,4.510,0,0.0629,0.0746,0.0673,0.0964,0.0694,0.0503,0.178,-0.127,갯벌
1426,82,6.130,30.840,18,0.0556,0.0507,0.0283,0.0246,0.0175,0.0081,-0.070,0.347,수계
1427,76,24.954,21.503,14,0.1065,0.1131,0.0861,0.1968,0.2948,0.2486,0.391,-0.270,시가지
1428,6,31.903,20.683,15,0.0261,0.0578,0.0452,0.3603,0.1462,0.0790,0.777,-0.723,산림
1429,85,12.022,18.863,7,0.0785,0.0605,0.0282,0.0182,0.0169,0.0104,-0.214,0.537,수계
1430,101,2.887,37.874,18,0.0947,0.1032,0.0702,0.0900,0.0774,0.0532,0.123,0.068,갯벌
1431,103,4.696,4.509,0,0.0588,0.0774,0.0637,0.1059,0.0767,0.0575,0.249,-0.156,갯벌
1432,33,33.332,10.175,9,0.0347,0.0597,0.0310,0.3451,0.1494,0.0550,0.835,-0.705,산림
1433,95,30.789,19.823,9,0.1055,0.1199,0.1434,0.1954,0.2359,0.2677,0.154,-0.240,나지
1434,38,29.372,22.430,14,0.0538,0.0802,0.0463,0.2023,0.2377,0.1787,0.628,-0.432,농경지
1435,46,25.159,9.417,2,0.0603,0.0603,0.0745,0.2394,0.2111,0.1162,0.525,-0.598,농경지
1436,47,12.834,20.499,13,0.0715,0.1249,0.1135,0.2621,0.2539,0.2264,0.396,-0.355,농경지
1437,70,25.582,23.904,14,0.1052,0.1085,0.1180,0.1868,0.2503,0.2302,0.226,-0.265,시가지
1438,59,19.321,2.727,1,0.0438,0.0924,0.0513,0.2771,0.3197,0.1342,0.688,-0.500,농경지
1439,63,25.010,5.562,2,0.0576,0.0813,0.0454,0.2864,0.2282,0.0915,0.726,-0.558,농경지
1440,56,40.841,35.275,22,0.0488,0.0987,0.0552,0.2057,0.2459,0.1545,0.577,-0.351,농경지
1441,62,29.835,19.310,8,0.0546,0.1015,0.0524,0.2152,0.2173,0.0956,0.608,-0.359,농경지
1442,86,21.549,38.457,20,0.0742,0.0503,0.0203,0.0211,0.0204,0.0060,0.018,0.409,수계
1443,101,2.723,37.699,18,0.1042,0.0997,0.0656,0.0981,0.0734,0.0468,0.199,0.008,갯벌
1444,82,6.599,30.248,18,0.0417,0.0706,0.0150,0.0311,0.0155,0.0107,0.348,0.388,수계
1445,4,33.725,0.964,3,0.0366,0.0536,0.0387,0.4170,0.1509,0.0628,0.830,-0.772,산림
1446,14,42.266,39.437,22,0.0204,0.0380,0.0437,0.2732,0.1666,0.0770,0.724,-0.756,산림
1447,90,34.974,30.353,21,0.0572,0.0483,0.0246,0.0284,0.0203,0.0119,0.071,0.260,수계
1448,85,12.109,19.414,7,0.0884,0.0533,0.0297,0.0213,0.0114,0.0092,-0.166,0.429,수계
1449,61,33.416,33.065,21,0.0793,0.0819,0.0796,0.2208,0.2370,0.1038,0.470,-0.459,농경지
1450,27,31.839,24.506,15,0.0321,0.0533,0.0288,0.3790,0.2113,0.0540,0.859,-0.753,산림
1451,58,19.630,0.995,1,0.0452,0.0830,0.0568,0.2409,0.2099,0.1253,0.618,-0.487,농경지
1452,9,54.478,7.706,5,0.0196,0.0399,0.0219,0.2616,0.1642,0.0688,0.845,-0.736,산림
1453,102,6.305,3.304,0,0.0788,0.0617,0.0826,0.0892,0.1080,0.0583,0.038,-0.182,갯벌
1454,86,21.783,38.662,20,0.0813,0.0531,0.0251,0.0225,0.0079,0.0136,-0.055,0.404,수계
1455,70,26.120,23.518,14,0.0873,0.0901,0.1301,0.1813,0.2505,0.2588,0.164,-0.336,시가지
1456,78,23.391,25.166,14,0.0764,0.1059,0.1108,0.1654,0.2312,0.1673,0.198,-0.219,시가지
1457,38,29.423,22.636,14,0.0605,0.0740,0.0487,0.2045,0.2224,0.1660,0.615,-0.468,농경지
1458,71,17.512,16.055,7,0.1017,0.1171,0.1337,0.1522,0.2013,0.1966,0.065,-0.130,시가지
1459,50,22.298,25.846,14,0.0534,0.0636,0.0706,0.2622,0.1630,0.1221,0.576,-0.610,농경지
1460,13,58.932,34.803,23,0.0276,0.0630,0.0274,0.2423,0.1616,0.0723,0.797,-0.588,산림
1461,38,29.412,22.745,14,0.0532,0.0609,0.0462,0.2363,0.2279,0.1881,0.673,-0.590,농경지
1462,56,40.608,35.115,22,0.0508,0.0853,0.0500,0.2364,0.2797,0.1438,0.651,-0.470,농경지
1463,7,36.576,36.651,21,0.0204,0.0469,0.0406,0.2807,0.1617,0.0648,0.747,-0.714,산림
1464,61,33.437,33.341,21,0.0719,0.0760,0.0949,0.2268,0.2467,0.1190,0.410,-0.498,농경지
1465,40,19.712,35.342,19,0.0961,0.1266,0.1058,0.2432,0.2709,0.1701,0.394,-0.315,농경지
1466,16,57.029,14.509,11,0.0252,0.0517,0.0299,0.3843,0.1402,0.0594,0.856,-0.763,산림
1467,62,30.161,19.284,9,0.0437,0.0902,0.0537,0.2130,0.1924,0.0943,0.598,-0.405,농경지
1468,1,32.703,9.335,3,0.0362,0.0407,0.0333,0.3189,0.1118,0.0728,0.811,-0.774,산림
1469,52,22.155,14.697,8,0.0597,0.0781,0.0551,0.3001,0.1768,0.1320,0.690,-0.587,농경지
1470,64,36.628,20.504,15,0.0366,0.0742,0.0525,0.3497,0.2725,0.1495,0.739,-0.650,농경지
1471,47,12.741,20.861,13,0.0831,0.1081,0.1413,0.2783,0.2374,0.1955,0.326,-0.440,농경지
1472,45,27.554,29.655,14,0.0704,0.0960,0.1083,0.2962,0.3135,0.1927,0.465,-0.511,농경지
1473,63,25.417,5.362,2,0.0611,0.0758,0.0453,0.2945,0.2296,0.0868,0.733,-0.590,농경지
1474,88,52.626,28.767,17,0.0708,0.0517,0.0290,0.0289,0.0067,0.0120,-0.003,0.284,수계
1475,3,47.231,9.911,4,0.0264,0.0471,0.0330,0.3168,0.1269,0.0634,0.811,-0.741,산림
1476,34,30.675,9.423,3,0.0207,0.0529,0.0281,0.3724,0.1782,0.0865,0.860,-0.751,산림
1477,37,24.874,11.328,8,0.0411,0.0711,0.0578,0.2440,0.2754,0.1549,0.617,-0.549,농경지
1478,45,27.406,30.021,20,0.0666,0.0947,0.1026,0.2805,0.2913,0.1682,0.465,-0.495,농경지
1479,5,34.070,28.905,15,0.0373,0.0649,0.0348,0.3553,0.1437,0.0827,0.822,-0.691,산림
1480,1,32.282,9.136,3,0.0322,0.0450,0.0270,0.3533,0.1065,0.0775,0.858,-0.774,산림
1481,43,44.543,8.851,4,0.0413,0.0820,0.0653,0.2789,0.2487,0.1242,0.620,-0.546,농경지
1482,90,34.911,30.259,21,0.0584,0.0407,0.0295,0.0225,0.0157,0.0074,-0.135,0.289,수계
1483,43,44.708,8.494,4,0.0501,0.0597,0.0524,0.3390,0.2593,0.1582,0.732,-0.700,농경지
1484,2,31.898,16.392,9,0.0358,0.0498,0.0272,0.3698,0.2085,0.0731,0.863,-0.763,산림
1485,77,15.701,24.499,13,0.1183,0.0975,0.1496,0.2685,0.2956,0.3501,0.284,-0.467,시가지
1486,88,52.059,28.018,17,0.0685,0.0551,0.0302,0.0288,0.0114,0.0076,-0.023,0.314,수계
1487,30,32.998,23.084,15,0.0172,0.0597,0.0437,0.3563,0.1287,0.0683,0.782,-0.713,산림
1488,78,23.140,25.121,14,0.0814,0.1197,0.1118,0.1557,0.2455,0.1754,0.164,-0.131,시가지
1489,61,33.524,33.180,21,0.0707,0.0818,0.0834,0.1979,0.2329,0.1093,0.407,-0.415,농경지
1490,44,18.164,22.453,13,0.0589,0.0605,0.0758,0.2893,0.2558,0.0970,0.585,-0.654,농경지
1491,92,36.093,15.383,9,0.0497,0.0461,0.0349,0.0195,0.0162,0.0157,-0.282,0.404,수계
1492,41,37.321,9.213,3,0.0771,0.0956,0.1230,0.2960,0.2427,0.1859,0.413,-0.512,농경지
1493,59,19.517,2.188,1,0.0550,0.0989,0.0613,0.2532,0.3212,0.1250,0.610,-0.438,농경지
1494,29,33.866,5.245,3,0.0235,0.0458,0.0250,0.2243,0.1391,0.0788,0.799,-0.661,산림
1495,83,12.346,4.603,1,0.0792,0.0462,0.0265,0.0147,0.0183,0.0111,-0.287,0.517,수계
1496,51,22.510,0.602,2,0.0303,0.0772,0.0783,0.3075,0.1866,0.1222,0.594,-0.599,농경지
1497,6,32.637,20.988,15,0.0201,0.0593,0.0258,0.3286,0.1334,0.0723,0.854,-0.694,산림
1498,30,32.433,23.251,15,0.0294,0.0558,0.0334,0.3990,0.1264,0.0644,0.845,-0.755,산림
1499,34,30.756,10.116,9,0.0242,0.0483,0.0236,0.4396,0.1733,0.0828,0.898,-0.802,산림
1500,47,12.856,20.364,13,0.0884,0.1141,0.1215,0.2488,0.2447,0.1893,0.344,-0.371,농경지
1501,38,29.341,22.757,14,0.0470,0.0726,0.0449,0.2524,0.2263,0.1774,0.698,-0.553,농경지
1502,8,44.862,2.964,4,0.0352,0.0409,0.0195,0.4193,0.2417,0.0871,0.911,-0.822,산림
1503,61,33.017,33.408,21,0.0844,0.0831,0.0723,0.2358,0.2357,0.1023,0.531,-0.479,농경지
1504,34,30.551,9.624,3,0.0296,0.0483,0.0222,0.4539,0.1532,0.0762,0.907,-0.808,산림
1505,93,46.296,29.068,16,0.0998,0.1641,0.1640,0.2583,0.3149,0.2112,0.223,-0.223,나지
1506,42,38.700,29.894,15,0.0871,0.1060,0.0569,0.2719,0.2272,0.1275,0.654,-0.439,농경지
1507,47,13.065,20.438,13,0.0896,0.1032,0.1308,0.2452,0.2491,0.1758,0.304,-0.407,농경지
1508,52,22.120,15.049,8,0.0509,0.0917,0.0539,0.2933,0.1704,0.1073,0.689,-0.524,농경지
1509,10,33.993,7.019,3,0.0244,0.0416,0.0347,0.3149,0.1561,0.0584,0.802,-0.767,산림
1510,88,53.209,28.377,17,0.0706,0.0630,0.0333,0.0320,0.0053,0.0070,-0.019,0.326,수계
1511,58,19.233,0.919,1,0.0423,0.0927,0.0643,0.2345,0.2070,0.1333,0.570,-0.433,농경지
1512,77,15.892,24.865,13,0.1454,0.1058,0.1888,0.3050,0.3204,0.3365,0.235,-0.485,시가지
1513,42,38.682,29.760,15,0.0937,0.0967,0.0556,0.2461,0.1860,0.1115,0.631,-0.436,농경지
1514,103,4.715,4.243,0,0.0676,0.0716,0.0558,0.1061,0.0610,0.0641,0.310,-0.194,갯벌
1515,69,23.235,24.909,14,0.0979,0.1122,0.1359,0.2086,0.2017,0.2559,0.211,-0.301,시가지
1516,14,42.039,39.009,22,0.0205,0.0422,0.0405,0.2733,0.1596,0.0811,0.742,-0.733,산림
1517,85,12.182,19.643,7,0.0890,0.0677,0.0275,0.0210,0.0184,0.0085,-0.133,0.526,수계
1518,68,25.746,29.696,14,0.1077,0.0960,0.1163,0.2557,0.1860,0.2786,0.375,-0.454,시가지
1519,84,20.644,19.234,8,0.0649,0.0636,0.0314,0.0326,0.0097,0.0010,0.019,0.322,수계
1520,92,35.687,15.654,9,0.0491,0.0456,0.0357,0.0159,0.0155,0.0022,-0.384,0.483,수계
1521,89,42.293,28.281,16,0.0398,0.0523,0.0244,0.0231,0.0173,0.0177,-0.028,0.388,수계
1522,72,24.232,12.394,8,0.1254,0.1057,0.1321,0.2043,0.2692,0.2165,0.215,-0.318,시가지
1523,11,49.968,3.008,4,0.0332,0.0313,0.0336,0.3358,0.1858,0.0742,0.818,-0.829,산림
1524,58,19.086,0.871,1,0.0437,0.0898,0.0688,0.2776,0.2262,0.1252,0.603,-0.511,농경지
1525,81,48.975,2.072,4,0.0508,0.0422,0.0434,0.0226,0.0132,0.0029,-0.314,0.301,수계
1526,20,43.048,26.328,16,0.0324,0.0492,0.0331,0.2729,0.1864,0.0612,0.784,-0.695,산림
1527,21,33.661,34.078,21,0.0322,0.0493,0.0231,0.3382,0.2017,0.0911,0.872,-0.745,산림
1528,31,52.179,32.823,23,0.0292,0.0725,0.0288,0.2936,0.1637,0.0664,0.822,-0.604,산림
1529,3,47.230,10.072,10,0.0379,0.0448,0.0246,0.2966,0.1133,0.0663,0.847,-0.738,산림
1530,73,26.642,25.329,14,0.0640,0.1001,0.1029,0.2724,0.2804,0.2242,0.452,-0.462,시가지
1531,8,44.760,2.593,4,0.0386,0.0428,0.0221,0.3688,0.2249,0.0708,0.887,-0.792,산림
1532,7,36.850,36.666,21,0.0194,0.0483,0.0306,0.2996,0.1700,0.0620,0.815,-0.723,산림
1533,1,32.366,9.849,3,0.0309,0.0528,0.0322,0.3734,0.1099,0.0704,0.841,-0.752,산림
1534,88,52.443,28.189,17,0.0718,0.0511,0.0297,0.0285,0.0080,0.0082,-0.021,0.284,수계
1535,54,18.869,15.122,7,0.0806,0.0987,0.0965,0.2339,0.2361,0.1948,0.416,-0.406,농경지
1536,59,19.157,2.288,1,0.0550,0.0805,0.0447,0.2730,0.3216,0.1206,0.718,-0.545,농경지
1537,30,32.305,23.048,15,0.0294,0.0554,0.0407,0.3792,0.1170,0.0700,0.806,-0.745,산림
1538,8,45.070,3.278,4,0.0301,0.0377,0.0213,0.3859,0.2326,0.0775,0.895,-0.822,산림
1539,72,23.835,12.190,8,0.0993,0.0914,0.1336,0.1776,0.2611,0.2014,0.141,-0.321,시가지
1540,57,32.236,5.792,3,0.0581,0.0720,0.0443,0.2683,0.1732,0.1422,0.717,-0.577,농경지
1541,33,33.144,10.400,9,0.0344,0.0486,0.0241,0.3574,0.1377,0.0623,0.874,-0.761,산림
1542,61,33.914,32.801,21,0.0821,0.0774,0.0693,0.1983,0.2214,0.1207,0.482,-0.439,농경지
1543,40,20.134,35.263,20,0.0937,0.1150,0.1118,0.2437,0.2259,0.1551,0.371,-0.359,농경지
1544,28,34.477,16.978,9,0.0285,0.0670,0.0317,0.2581,0.1952,0.0537,0.781,-0.588,산림
1545,70,26.036,23.607,14,0.0761,0.0950,0.1256,0.1637,0.2777,0.2389,0.132,-0.265,시가지
1546,44,18.326,22.639,13,0.0568,0.0785,0.0813,0.3004,0.2578,0.1342,0.574,-0.586,농경지
1547,64,36.670,20.421,15,0.0350,0.0817,0.0569,0.3115,0.2568,0.1501,0.691,-0.585,농경지
1548,17,58.887,20.160,17,0.0195,0.0577,0.0402,0.4220,0.1931,0.0624,0.826,-0.759,산림
1549,77,15.641,24.918,13,0.1290,0.1030,0.1614,0.2647,0.2958,0.3471,0.242,-0.440,시가지
1550,24,57.455,26.695,17,0.0351,0.0599,0.0242,0.2993,0.1647,0.0539,0.851,-0.667,산림
1551,97,18.789,20.992,13,0.0952,0.1326,0.1519,0.2351,0.2422,0.3149,0.215,-0.279,나지
1552,2,31.967,16.264,9,0.0411,0.0546,0.0394,0.3674,0.1925,0.0706,0.806,-0.741,산림
1553,11,49.421,3.016,4,0.0343,0.0326,0.0345,0.4004,0.1915,0.0802,0.841,-0.849,산림
1554,82,6.339,30.749,18,0.0398,0.0516,0.0249,0.0170,0.0156,0.0024,-0.188,0.503,수계
1555,68,25.497,29.673,14,0.1060,0.0881,0.1111,0.2199,0.1844,0.2706,0.329,-0.428,시가지
1556,83,12.409,4.655,1,0.0694,0.0381,0.0316,0.0166,0.0092,0.0066,-0.310,0.392,수계
1557,79,19.378,16.675,7,0.1170,0.1166,0.1238,0.1450,0.2784,0.1857,0.079,-0.109,시가지
1558,15,52.120,12.825,11,0.0324,0.0615,0.0388,0.3946,0.1693,0.0461,0.821,-0.730,산림
1559,62,30.240,19.735,9,0.0402,0.0861,0.0518,0.2329,0.2188,0.0842,0.636,-0.460,농경지
1560,20,42.848,26.986,16,0.0233,0.0435,0.0299,0.2369,0.1773,0.0561,0.776,-0.690,산림
1561,43,44.857,9.262,4,0.0508,0.0710,0.0647,0.2819,0.2612,0.1453,0.627,-0.598,농경지
1562,83,12.616,4.641,1,0.0680,0.0451,0.0368,0.0137,0.0133,0.0010,-0.458,0.534,수계
1563,81,48.891,1.501,4,0.0391,0.0396,0.0416,0.0316,0.0169,0.0148,-0.137,0.112,수계
1564,102,5.674,3.441,0,0.0750,0.0654,0.0748,0.0917,0.1104,0.0564,0.102,-0.167,갯벌
1565,64,37.079,20.450,15,0.0448,0.0982,0.0572,0.2577,0.2616,0.1384,0.637,-0.448,농경지
1566,57,31.416,5.714,3,0.0741,0.0822,0.0456,0.2918,0.2111,0.1558,0.729,-0.560,농경지
1567,30,32.226,23.679,15,0.0224,0.0532,0.0333,0.3522,0.1342,0.0630,0.827,-0.737,산림
1568,74,16.793,20.573,13,0.0857,0.1101,0.1174,0.2480,0.2675,0.2171,0.357,-0.385,시가지
1569,2,32.043,16.216,9,0.0345,0.0542,0.0322,0.3892,0.2049,0.0726,0.847,-0.755,산림
1570,13,59.428,34.459,23,0.0253,0.0553,0.0373,0.2130,0.1717,0.0622,0.702,-0.588,산림
1571,70,26.159,23.359,14,0.0816,0.0936,0.1192,0.1775,0.2909,0.2645,0.196,-0.309,시가지
1572,27,31.933,25.014,15,0.0350,0.0613,0.0314,0.3632,0.1850,0.0533,0.841,-0.711,산림
1573,47,13.113,20.751,13,0.0809,0.0907,0.1330,0.2571,0.2283,0.1787,0.318,-0.478,농경지
1574,67,26.470,15.325,8,0.0902,0.0931,0.1270,0.2736,0.1906,0.2061,0.366,-0.492,시가지
1575,103,5.072,4.599,0,0.0683,0.0765,0.0615,0.1087,0.0627,0.0575,0.277,-0.174,갯벌
1576,40,19.897,35.692,19,0.0794,0.1205,0.1052,0.2867,0.2385,0.1543,0.463,-0.408,농경지
1577,20,42.825,26.609,16,0.0217,0.0524,0.0276,0.2764,0.1830,0.0563,0.818,-0.681,산림
1578,56,41.139,34.673,22,0.0510,0.0899,0.0584,0.2303,0.2894,0.1614,0.596,-0.438,농경지
1579,44,18.274,22.976,13,0.0475,0.0706,0.0676,0.3196,0.2373,0.1207,0.651,-0.638,농경지
1580,7,36.419,36.851,21,0.0203,0.0499,0.0323,0.2989,0.1646,0.0582,0.805,-0.714,산림
1581,36,22.975,37.921,20,0.0437,0.0777,0.0899,0.3113,0.2118,0.1086,0.552,-0.600,농경지
1582,100,43.207,9.707,4,0.1253,0.1708,0.1504,0.2554,0.2874,0.2327,0.259,-0.198,나지
1583,36,23.102,37.976,20,0.0434,0.0802,0.0750,0.3399,0.2075,0.0862,0.639,-0.618,농경지
1584,18,32.770,17.811,9,0.0343,0.0675,0.0317,0.2555,0.1260,0.0680,0.779,-0.582,산림
1585,98,35.692,27.506,15,0.1096,0.1499,0.1409,0.2982,0.3185,0.2719,0.358,-0.331,나지
1586,95,30.631,19.974,9,0.1025,0.1038,0.1498,0.1887,0.2373,0.2472,0.115,-0.290,나지
1587,19,32.472,1.920,3,0.0399,0.0572,0.0291,0.5094,0.0910,0.0637,0.892,-0.798,산림
1588,45,27.590,29.818,14,0.0864,0.1151,0.1250,0.3020,0.3192,0.1622,0.415,-0.448,농경지
1589,58,19.576,1.052,1,0.0449,0.0937,0.0764,0.2505,0.2393,0.1088,0.533,-0.456,농경지
1590,14,41.803,39.456,22,0.0202,0.0486,0.0332,0.3242,0.1588,0.0841,0.814,-0.739,산림
1591,72,23.970,12.288,8,0.0939,0.0901,0.1342,0.1761,0.2685,0.2031,0.135,-0.323,시가지
1592,68,26.082,29.230,14,0.1275,0.0828,0.1084,0.2448,0.1798,0.2782,0.386,-0.495,시가지
1593,36,23.080,38.028,20,0.0472,0.0882,0.0876,0.3101,0.2118,0.0903,0.559,-0.557,농경지
1594,39,17.455,33.917,19,0.0405,0.0912,0.0704,0.2399,0.2265,0.0856,0.546,-0.449,농경지
1595,44,18.092,22.503,13,0.0432,0.0750,0.0627,0.3098,0.2632,0.1254,0.663,-0.610,농경지
1596,86,21.492,38.476,20,0.0674,0.0394,0.0235,0.0173,0.0208,0.0135,-0.152,0.389,수계
1597,45,27.120,30.183,20,0.0794,0.0960,0.1196,0.2670,0.2810,0.1755,0.381,-0.471,농경지
1598,68,25.919,30.160,20,0.1103,0.0930,0.1084,0.2361,0.1842,0.1973,0.371,-0.435,시가지
1599,40,19.999,35.006,19,0.0891,0.1184,0.1176,0.2257,0.2509,0.1501,0.315,-0.312,농경지
1600,47,12.664,20.294,13,0.0775,0.1078,0.1163,0.2535,0.2371,0.1917,0.371,-0.403,농경지
1601,29,34.365,5.105,3,0.0360,0.0393,0.0257,0.2245,0.1750,0.0861,0.795,-0.702,산림
1602,47,12.660,20.638,13,0.0854,0.1152,0.1309,0.2550,0.2555,0.2009,0.321,-0.378,농경지
1603,72,23.425,12.604,8,0.0843,0.0943,0.1357,0.1926,0.2765,0.2098,0.173,-0.343,시가지
1604,99,32.822,37.658,21,0.0990,0.1752,0.1531,0.2786,0.2361,0.2602,0.291,-0.228,나지
1605,20,43.289,26.398,16,0.0289,0.0507,0.0237,0.2592,0.1733,0.0580,0.832,-0.673,산림
1606,97,18.656,20.961,13,0.0870,0.1374,0.1534,0.2388,0.2762,0.2777,0.218,-0.269,나지
1607,93,46.193,29.497,16,0.1258,0.1745,0.1286,0.2973,0.3682,0.1833,0.396,-0.260,나지
1608,64,37.186,19.935,9,0.0443,0.0753,0.0559,0.3051,0.2651,0.1813,0.690,-0.604,농경지
1609,75,20.394,29.648,14,0.1001,0.1181,0.1488,0.1680,0.2506,0.1714,0.061,-0.174,시가지
1610,5,33.980,28.907,15,0.0269,0.0728,0.0278,0.3339,0.1392,0.0809,0.846,-0.642,산림
1611,91,54.703,2.813,5,0.0457,0.0440,0.0306,0.0226,0.0162,0.0089,-0.151,0.322,수계
1612,104,6.262,17.756,6,0.0556,0.0732,0.0776,0.1457,0.0831,0.0564,0.305,-0.331,갯벌
1613,34,30.552,9.668,3,0.0259,0.0550,0.0289,0.4609,0.1750,0.0919,0.882,-0.787,산림
1614,71,17.725,16.375,7,0.1214,0.1132,0.1279,0.1676,0.2179,0.1903,0.134,-0.194,시가지
1615,64,36.990,20.763,15,0.0467,0.0824,0.0540,0.3222,0.2799,0.1658,0.713,-0.593,농경지
1616,52,22.686,14.832,8,0.0476,0.0831,0.0605,0.2972,0.1635,0.1090,0.662,-0.563,농경지
1617,88,53.266,28.278,17,0.0745,0.0436,0.0405,0.0240,0.0089,0.0064,-0.256,0.290,수계
1618,32,40.181,17.480,10,0.0228,0.0495,0.0427,0.4220,0.1946,0.0759,0.816,-0.790,산림
1619,33,33.266,10.463,9,0.0346,0.0497,0.0265,0.3475,0.1363,0.0549,0.858,-0.750,산림
1620,95,30.630,20.089,15,0.1149,0.1244,0.1441,0.2195,0.2785,0.2581,0.208,-0.277,나지
1621,6,32.196,20.966,15,0.0188,0.0551,0.0223,0.3416,0.1329,0.0815,0.878,-0.722,산림
1622,24,57.823,26.365,17,0.0314,0.0620,0.0309,0.3136,0.1479,0.0427,0.820,-0.670,산림
1623,41,37.240,8.772,3,0.0911,0.1090,0.1132,0.2954,0.2579,0.1955,0.446,-0.461,농경지
1624,47,12.668,20.680,13,0.0902,0.1252,0.1258,0.2971,0.2452,0.2027,0.405,-0.407,농경지
1625,65,25.278,19.191,8,0.0848,0.1083,0.1184,0.2441,0.2020,0.2255,0.347,-0.385,시가지
1626,90,35.177,30.270,21,0.0575,0.0373,0.0312,0.0192,0.0069,0.0063,-0.238,0.321,수계
1627,82,6.392,29.958,12,0.0497,0.0662,0.0256,0.0263,0.0057,0.0072,0.015,0.431,수계
1628,51,22.217,0.610,2,0.0367,0.0864,0.0762,0.2929,0.1982,0.1245,0.587,-0.545,농경지
1629,42,38.760,30.061,21,0.0727,0.0831,0.0503,0.2449,0.1930,0.1199,0.659,-0.493,농경지
1630,25,37.732,4.360,3,0.0315,0.0311,0.0179,0.3077,0.1736,0.0586,0.890,-0.816,산림
1631,30,32.067,23.147,15,0.0241,0.0592,0.0403,0.4153,0.1414,0.0635,0.823,-0.750,산림
1632,53,13.593,32.653,19,0.0552,0.0944,0.0539,0.2810,0.2235,0.1083,0.678,-0.497,농경지
1633,26,48.962,23.029,16,0.0357,0.0501,0.0269,0.3437,0.1477,0.0784,0.855,-0.746,산림
1634,51,22.632,0.205,2,0.0473,0.0795,0.0782,0.3400,0.1657,0.1517,0.626,-0.621,농경지
1635,7,36.653,36.370,21,0.0169,0.0470,0.0256,0.3120,0.1764,0.0611,0.848,-0.738,산림
1636,38,29.544,22.194,14,0.0504,0.0858,0.0502,0.2196,0.2402,0.1739,0.628,-0.438,농경지
1637,64,37.009,20.212,15,0.0335,0.0794,0.0554,0.3264,0.3245,0.1689,0.710,-0.609,농경지
1638,71,17.441,16.243,7,0.1217,0.1209,0.1170,0.1374,0.2137,0.2206,0.080,-0.064,시가지
1639,53,13.600,31.933,19,0.0550,0.0814,0.0534,0.2905,0.2479,0.1001,0.689,-0.562,농경지
1640,30,32.537,23.336,15,0.0250,0.0457,0.0352,0.3823,0.1157,0.0771,0.832,-0.787,산림
1641,40,20.169,35.562,20,0.0847,0.1053,0.1170,0.2679,0.2584,0.1774,0.392,-0.436,농경지
1642,50,22.938,25.607,14,0.0597,0.0743,0.0748,0.2243,0.1473,0.1306,0.500,-0.502,농경지
1643,57,31.598,6.022,3,0.0628,0.0862,0.0489,0.3192,0.1941,0.1438,0.734,-0.575,농경지
1644,38,29.065,22.618,14,0.0473,0.0689,0.0512,0.2105,0.2284,0.1823,0.608,-0.507,농경지
1645,46,24.939,9.705,2,0.0631,0.0642,0.0569,0.2369,0.2031,0.1402,0.613,-0.574,농경지
1646,103,4.704,4.255,0,0.0603,0.0769,0.0687,0.1095,0.0726,0.0505,0.229,-0.175,갯벌
1647,75,19.887,29.301,13,0.1088,0.1100,0.1548,0.2109,0.2285,0.1462,0.153,-0.314,시가지
1648,6,32.014,21.451,15,0.0190,0.0630,0.0429,0.3582,0.1501,0.0750,0.786,-0.701,산림
1649,1,32.701,9.685,3,0.0355,0.0545,0.0260,0.3276,0.1056,0.0579,0.853,-0.715,산림
1650,39,17.526,34.278,19,0.0462,0.0724,0.0818,0.2536,0.2047,0.1003,0.512,-0.556,농경지
1651,78,23.588,25.099,14,0.0856,0.1108,0.0914,0.1610,0.2029,0.1938,0.276,-0.185,시가지
1652,17,59.925,19.673,11,0.0197,0.0487,0.0282,0.4312,0.1645,0.0630,0.877,-0.797,산림
1653,53,13.567,32.431,19,0.0555,0.0918,0.0640,0.2734,0.2673,0.1226,0.621,-0.497,농경지
1654,64,36.793,20.151,15,0.0245,0.0826,0.0539,0.3235,0.2714,0.1694,0.714,-0.593,농경지
1655,57,32.019,5.710,3,0.0777,0.0837,0.0550,0.3359,0.2024,0.1392,0.719,-0.601,농경지
1656,6,32.422,20.754,15,0.0171,0.0556,0.0335,0.3616,0.1398,0.0878,0.830,-0.733,산림
1657,102,5.704,3.476,0,0.0769,0.0611,0.0582,0.0920,0.0951,0.0565,0.225,-0.202,갯벌
1658,103,4.565,4.215,0,0.0692,0.0971,0.0733,0.0987,0.0753,0.0576,0.148,-0.008,갯벌
1659,5,34.182,28.469,15,0.0401,0.0717,0.0205,0.3398,0.1298,0.0631,0.886,-0.651,산림
1660,62,30.183,19.567,9,0.0551,0.1118,0.0539,0.2155,0.1986,0.0933,0.600,-0.317,농경지
1661,37,24.560,11.574,8,0.0310,0.0807,0.0665,0.2515,0.2551,0.1694,0.582,-0.514,농경지
1662,64,37.064,20.032,15,0.0438,0.0713,0.0476,0.2711,0.2695,0.1598,0.701,-0.583,농경지
1663,86,21.219,38.502,20,0.0624,0.0571,0.0199,0.0195,0.0092,0.0169,-0.010,0.491,수계
1664,39,17.619,34.555,19,0.0429,0.0800,0.0805,0.2684,0.2115,0.1028,0.539,-0.541,농경지
1665,94,37.860,28.105,15,0.1445,0.0976,0.1329,0.3096,0.2729,0.1926,0.399,-0.520,나지
1666,13,59.133,34.527,23,0.0289,0.0512,0.0333,0.2307,0.1585,0.0609,0.748,-0.637,산림
1667,5,34.064,28.910,15,0.0293,0.0715,0.0217,0.3445,0.1541,0.0633,0.881,-0.656,산림
1668,89,42.230,28.354,16,0.0434,0.0446,0.0235,0.0110,0.0243,0.0072,-0.362,0.604,수계
1669,24,57.471,26.147,17,0.0417,0.0549,0.0342,0.3384,0.1478,0.0570,0.817,-0.721,산림
1670,57,31.565,5.968,3,0.0665,0.0877,0.0430,0.2819,0.1910,0.1333,0.735,-0.525,농경지
1671,13,59.049,34.894,23,0.0269,0.0526,0.0323,0.2267,0.1447,0.0544,0.750,-0.623,산림
1672,73,27.313,25.779,14,0.0760,0.0950,0.1026,0.2913,0.2642,0.2038,0.479,-0.508,시가지
1673,17,59.248,20.067,17,0.0253,0.0567,0.0414,0.3841,0.1737,0.0689,0.805,-0.743,산림
1674,15,52.321,12.377,11,0.0334,0.0642,0.0361,0.3596,0.1550,0.0544,0.818,-0.697,산림
1675,61,33.684,33.195,21,0.0748,0.0790,0.0738,0.2695,0.2585,0.1272,0.570,-0.547,농경지
1676,51,22.225,0.110,2,0.0353,0.0710,0.0775,0.2622,0.1843,0.1258,0.544,-0.574,농경지
1677,42,38.580,30.036,21,0.0829,0.0989,0.0541,0.2669,0.1964,0.1090,0.663,-0.459,농경지
1678,50,22.953,25.949,14,0.0589,0.0735,0.0875,0.2379,0.1442,0.1587,0.462,-0.528,농경지
1679,98,35.734,27.513,15,0.1183,0.1488,0.1516,0.2516,0.2781,0.2212,0.248,-0.257,나지
1680,83,12.541,4.841,1,0.0759,0.0457,0.0275,0.0101,0.0118,0.0132,-0.463,0.638,수계
1681,49,32.488,12.928,9,0.0905,0.1045,0.1101,0.2570,0.2488,0.2069,0.400,-0.422,농경지
1682,19,32.782,1.509,3,0.0386,0.0617,0.0222,0.5305,0.0910,0.0680,0.920,-0.792,산림
1683,53,13.639,32.005,19,0.0572,0.0915,0.0623,0.2549,0.2290,0.1137,0.607,-0.472,농경지
1684,73,26.776,25.838,14,0.0616,0.0862,0.0881,0.3305,0.3026,0.1849,0.579,-0.586,시가지
1685,86,21.516,37.957,20,0.0670,0.0512,0.0207,0.0144,0.0167,0.0094,-0.179,0.561,수계
1686,65,24.563,19.301,8,0.0823,0.1072,0.1382,0.2738,0.2544,0.2046,0.329,-0.437,시가지
1687,97,18.913,21.157,13,0.1174,0.1291,0.1499,0.2385,0.2718,0.2897,0.228,-0.297,나지
1688,88,52.389,28.669,17,0.0753,0.0669,0.0332,0.0306,0.0082,0.0062,-0.041,0.373,수계
1689,84,20.784,19.099,8,0.0648,0.0479,0.0225,0.0143,0.0184,0.0040,-0.222,0.540,수계
1690,63,24.987,6.054,2,0.0627,0.0679,0.0485,0.2939,0.2185,0.0995,0.717,-0.625,농경지
1691,74,16.668,20.634,13,0.1018,0.1134,0.1194,0.2604,0.3034,0.2464,0.371,-0.393,시가지
1692,85,11.799,18.986,7,0.0820,0.0625,0.0287,0.0169,0.0087,0.0148,-0.259,0.575,수계
1693,98,36.014,27.691,15,0.1052,0.1641,0.1266,0.2757,0.2978,0.2754,0.370,-0.254,나지
1694,75,20.359,29.765,14,0.0988,0.1019,0.1577,0.2049,0.2808,0.1407,0.130,-0.336,시가지
1695,28,34.269,16.995,9,0.0364,0.0604,0.0330,0.2894,0.1714,0.0562,0.795,-0.654,산림
1696,94,37.374,27.911,15,0.1446,0.0827,0.1357,0.2321,0.2722,0.1875,0.262,-0.475,나지
1697,78,23.398,25.012,14,0.0994,0.0881,0.0948,0.1851,0.2248,0.1884,0.323,-0.355,시가지
1698,32,40.825,17.862,10,0.0205,0.0346,0.0465,0.3283,0.1987,0.0895,0.752,-0.809,산림
1699,23,57.464,27.774,17,0.0337,0.0511,0.0259,0.2375,0.1712,0.0639,0.803,-0.646,산림
1700,97,18.817,21.238,13,0.1052,0.1386,0.1635,0.2299,0.2672,0.2961,0.169,-0.248,나지
1701,6,32.127,20.967,15,0.0260,0.0645,0.0354,0.3678,0.1444,0.0694,0.824,-0.702,산림
1702,21,33.674,34.253,21,0.0400,0.0618,0.0265,0.3376,0.1873,0.0891,0.854,-0.690,산림
1703,65,24.804,19.279,8,0.0823,0.1071,0.1401,0.2128,0.2208,0.2270,0.206,-0.330,시가지
1704,39,17.403,33.933,19,0.0489,0.0809,0.0772,0.2804,0.2331,0.0873,0.568,-0.552,농경지
1705,33,33.235,9.881,3,0.0394,0.0425,0.0171,0.3763,0.1454,0.0550,0.913,-0.797,산림
1706,62,30.514,18.726,9,0.0479,0.0982,0.0571,0.2057,0.2246,0.0899,0.566,-0.354,농경지
1707,11,49.441,3.048,4,0.0284,0.0329,0.0300,0.3198,0.1813,0.0778,0.829,-0.813,산림
1708,14,42.062,39.315,22,0.0233,0.0487,0.0412,0.3012,0.1481,0.0761,0.759,-0.722,산림
1709,85,12.088,19.408,7,0.0952,0.0505,0.0284,0.0289,0.0129,0.0135,0.009,0.272,수계
1710,97,18.464,21.066,13,0.1042,0.1286,0.1591,0.2423,0.3162,0.2970,0.207,-0.307,나지
1711,48,37.771,24.594,15,0.0820,0.0950,0.1180,0.2829,0.2951,0.1893,0.411,-0.497,농경지
1712,83,12.275,4.679,1,0.0757,0.0413,0.0272,0.0136,0.0088,0.0063,-0.332,0.504,수계
1713,37,25.115,11.399,8,0.0397,0.0707,0.0553,0.2192,0.2422,0.1519,0.597,-0.512,농경지
1714,94,37.752,28.441,15,0.1435,0.1057,0.1384,0.2928,0.2757,0.2555,0.358,-0.470,나지
1715,97,19.034,21.079,13,0.1109,0.1272,0.1758,0.2162,0.2634,0.2664,0.103,-0.259,나지
1716,1,32.790,9.540,3,0.0366,0.0497,0.0249,0.2994,0.1178,0.0651,0.846,-0.715,산림
1717,74,17.308,20.625,13,0.0924,0.1277,0.1221,0.2734,0.2648,0.2181,0.383,-0.363,시가지
1718,11,49.998,3.052,4,0.0270,0.0340,0.0224,0.3788,0.2086,0.0698,0.888,-0.835,산림
1719,100,43.150,10.437,10,0.1213,0.1851,0.1415,0.2437,0.2720,0.2396,0.265,-0.137,나지
1720,19,32.941,1.709,3,0.0436,0.0579,0.0226,0.5183,0.1069,0.0717,0.916,-0.799,산림
1721,20,43.106,26.100,16,0.0199,0.0462,0.0263,0.2703,0.1657,0.0566,0.822,-0.708,산림
1722,69,23.131,25.080,14,0.1105,0.1174,0.1144,0.1888,0.1751,0.2213,0.246,-0.233,시가지
1723,61,33.571,33.333,21,0.0810,0.0736,0.0775,0.2329,0.2429,0.1003,0.500,-0.520,농경지
1724,44,18.709,21.789,13,0.0402,0.0660,0.0827,0.2935,0.2634,0.0992,0.560,-0.633,농경지
1725,56,40.284,34.893,22,0.0525,0.0863,0.0548,0.2399,0.2642,0.1533,0.628,-0.471,농경지
1726,59,19.756,2.454,1,0.0546,0.0824,0.0545,0.2384,0.3445,0.1327,0.628,-0.486,농경지
1727,54,19.198,15.804,7,0.0847,0.0930,0.1092,0.2498,0.2390,0.1944,0.391,-0.457,농경지
1728,94,36.938,27.995,15,0.1285,0.0999,0.1412,0.3164,0.3038,0.2337,0.383,-0.520,나지
1729,103,4.355,4.304,0,0.0766,0.0817,0.0655,0.1056,0.0709,0.0585,0.235,-0.127,갯벌
1730,78,23.578,24.576,14,0.0745,0.1141,0.0933,0.1676,0.2224,0.1660,0.285,-0.190,시가지
1731,65,24.911,19.041,8,0.0942,0.1121,0.1380,0.2647,0.2115,0.1936,0.315,-0.405,시가지
1732,59,19.086,2.281,1,0.0434,0.0958,0.0568,0.2630,0.3201,0.1289,0.645,-0.466,농경지
1733,17,59.524,19.922,11,0.0245,0.0548,0.0360,0.4383,0.1785,0.0701,0.848,-0.778,산림
1734,102,6.034,3.311,0,0.0725,0.0722,0.0792,0.0937,0.1085,0.0444,0.084,-0.129,갯벌
1735,100,43.054,9.821,4,0.1399,0.1729,0.1456,0.2628,0.2461,0.2283,0.287,-0.206,나지
1736,89,42.103,28.201,16,0.0378,0.0449,0.0289,0.0109,0.0119,0.0127,-0.451,0.608,수계
1737,36,23.166,37.466,20,0.0426,0.0810,0.0902,0.2955,0.2335,0.0941,0.532,-0.570,농경지
1738,70,25.910,23.963,14,0.0979,0.1050,0.0985,0.1847,0.2815,0.2348,0.304,-0.275,시가지
1739,61,33.663,33.266,21,0.0630,0.0752,0.0876,0.2417,0.2366,0.1075,0.468,-0.525,농경지
1740,21,33.306,34.097,21,0.0412,0.0693,0.0325,0.2926,0.2083,0.0862,0.800,-0.617,산림
1741,63,24.917,5.766,2,0.0517,0.0880,0.0421,0.2909,0.2115,0.0931,0.747,-0.535,농경지
1742,93,46.410,29.126,16,0.1076,0.1705,0.1374,0.3177,0.3063,0.2257,0.396,-0.302,나지
1743,61,33.397,32.852,21,0.0715,0.0729,0.0842,0.2058,0.2752,0.0964,0.419,-0.477,농경지
1744,26,48.460,23.008,16,0.0263,0.0371,0.0248,0.2977,0.1810,0.0994,0.846,-0.778,산림
1745,7,36.680,36.832,21,0.0192,0.0430,0.0301,0.3137,0.1566,0.0676,0.825,-0.759,산림
1746,66,21.404,14.301,8,0.0822,0.0955,0.1245,0.1565,0.2743,0.2133,0.114,-0.242,시가지
1747,63,24.934,5.810,2,0.0678,0.0785,0.0527,0.3172,0.2096,0.0934,0.715,-0.603,농경지
1748,48,37.139,24.628,15,0.0804,0.0950,0.0992,0.2586,0.2981,0.1853,0.446,-0.463,농경지
1749,20,43.128,26.581,16,0.0245,0.0473,0.0315,0.2707,0.1818,0.0542,0.792,-0.703,산림
1750,33,32.832,10.218,9,0.0301,0.0453,0.0276,0.3551,0.1430,0.0390,0.856,-0.774,산림
1751,33,33.043,10.515,9,0.0245,0.0537,0.0227,0.3211,0.1551,0.0459,0.868,-0.713,산림
1752,28,35.013,16.688,9,0.0383,0.0648,0.0320,0.2540,0.2413,0.0635,0.776,-0.594,산림
1753,43,44.798,8.790,4,0.0654,0.0772,0.0544,0.2901,0.2100,0.1506,0.684,-0.580,농경지
1754,20,43.049,26.333,16,0.0215,0.0361,0.0286,0.2541,0.1928,0.0489,0.798,-0.751,산림
1755,53,13.562,31.832,19,0.0619,0.0787,0.0591,0.2740,0.2252,0.1029,0.645,-0.553,농경지
1756,76,24.804,21.450,14,0.0953,0.1102,0.0946,0.2116,0.2652,0.2232,0.382,-0.315,시가지
1757,103,5.098,4.578,0,0.0773,0.0766,0.0564,0.0957,0.0702,0.0516,0.259,-0.111,갯벌
1758,15,52.030,12.707,11,0.0280,0.0494,0.0271,0.3848,0.1578,0.0430,0.869,-0.772,산림
1759,52,21.988,14.943,8,0.0567,0.0733,0.0692,0.2757,0.2030,0.1176,0.599,-0.580,농경지
1760,35,33.906,0.683,3,0.0552,0.0820,0.0627,0.2677,0.2684,0.1118,0.621,-0.531,농경지
1761,72,24.080,12.043,8,0.1138,0.0926,0.1358,0.1975,0.2514,0.1937,0.185,-0.362,시가지
1762,60,14.323,34.245,19,0.0388,0.1269,0.0818,0.2771,0.2337,0.0959,0.544,-0.372,농경지
1763,61,33.755,32.889,21,0.0734,0.0713,0.0904,0.2411,0.2414,0.1133,0.455,-0.544,농경지
1764,94,37.722,27.926,15,0.1415,0.1024,0.1411,0.2905,0.2901,0.2507,0.346,-0.479,나지
1765,64,36.496,19.843,9,0.0350,0.0817,0.0562,0.2997,0.2341,0.1673,0.684,-0.572,농경지
1766,68,25.305,29.346,14,0.1057,0.0869,0.1114,0.2520,0.1751,0.2504,0.387,-0.487,시가지
1767,103,4.738,4.243,0,0.0734,0.0805,0.0668,0.1041,0.0837,0.0528,0.218,-0.127,갯벌
1768,83,12.326,4.406,1,0.0704,0.0427,0.0325,0.0202,0.0079,0.0117,-0.234,0.358,수계
1769,39,17.665,33.670,19,0.0446,0.0848,0.0745,0.2515,0.2325,0.0939,0.543,-0.496,농경지
1770,100,42.742,10.270,10,0.1433,0.1601,0.1673,0.2347,0.2766,0.2164,0.168,-0.189,나지
1771,97,18.933,20.910,13,0.1067,0.1239,0.1538,0.2235,0.2705,0.2577,0.185,-0.286,나지
1772,87,10.615,3.097,1,0.0650,0.0489,0.0246,0.0152,0.0116,0.0035,-0.236,0.526,수계
1773,54,18.872,15.340,7,0.0705,0.1042,0.1094,0.2199,0.2423,0.2070,0.336,-0.357,농경지
1774,12,31.721,4.576,3,0.0253,0.0430,0.0290,0.3073,0.1769,0.0932,0.827,-0.754,산림
1775,84,20.722,19.556,8,0.0789,0.0419,0.0209,0.0164,0.0137,0.0076,-0.121,0.437,수계
1776,45,27.717,29.513,14,0.0713,0.1048,0.1210,0.3030,0.3337,0.1814,0.429,-0.486,농경지
1777,32,40.736,17.653,10,0.0310,0.0401,0.0377,0.4155,0.2361,0.0926,0.834,-0.824,산림
1778,94,37.659,27.604,15,0.1286,0.0987,0.1409,0.2913,0.2832,0.2096,0.348,-0.494,나지
1779,95,30.887,20.078,15,0.1080,0.1089,0.1489,0.1889,0.2465,0.2678,0.118,-0.269,나지
1780,11,49.731,3.265,4,0.0359,0.0343,0.0326,0.3225,0.1834,0.0808,0.817,-0.808,산림
1781,35,34.216,1.013,3,0.0553,0.0780,0.0577,0.2607,0.2906,0.1141,0.638,-0.540,농경지
1782,77,15.628,24.393,13,0.1180,0.1107,0.1590,0.3120,0.3375,0.3481,0.325,-0.476,시가지
1783,17,59.524,20.115,17,0.0283,0.0437,0.0328,0.3651,0.1615,0.0739,0.835,-0.786,산림
1784,83,12.220,4.745,1,0.0724,0.0448,0.0376,0.0127,0.0144,0.0010,-0.496,0.559,수계
1785,28,34.489,16.960,9,0.0278,0.0586,0.0274,0.2438,0.2283,0.0503,0.798,-0.612,산림
1786,76,24.581,21.806,14,0.0912,0.0927,0.0891,0.2051,0.2949,0.2432,0.395,-0.377,시가지
1787,97,18.541,21.149,13,0.1024,0.1359,0.1627,0.2280,0.2699,0.2622,0.167,-0.253,나지
1788,50,22.917,24.725,14,0.0641,0.0845,0.0725,0.2270,0.1432,0.1398,0.516,-0.457,농경지
1789,90,35.052,30.748,21,0.0583,0.0495,0.0201,0.0255,0.0135,0.0010,0.119,0.320,수계
1790,20,43.224,26.122,16,0.0286,0.0420,0.0298,0.2359,0.1793,0.0638,0.776,-0.698,산림
1791,36,22.594,37.558,20,0.0485,0.0764,0.0778,0.3364,0.2235,0.0825,0.624,-0.630,농경지
1792,98,36.746,27.307,15,0.1082,0.2064,0.1086,0.2305,0.2808,0.2315,0.360,-0.055,나지
1793,73,26.650,25.754,14,0.0644,0.1025,0.1098,0.3104,0.2719,0.1771,0.477,-0.504,시가지
1794,61,33.648,32.664,21,0.0696,0.0794,0.0819,0.2236,0.2193,0.1152,0.464,-0.476,농경지
1795,80,32.160,26.669,15,0.1360,0.1213,0.1327,0.2138,0.2596,0.2124,0.234,-0.276,시가지
1796,74,16.608,20.352,13,0.1019,0.1352,0.1271,0.2544,0.2632,0.2510,0.334,-0.306,시가지
1797,9,54.194,7.673,5,0.0315,0.0367,0.0242,0.2851,0.2050,0.0620,0.843,-0.772,산림
1798,40,19.912,35.504,19,0.0820,0.1114,0.1001,0.2602,0.2566,0.1715,0.444,-0.400,농경지
1799,49,32.577,12.407,9,0.0840,0.1157,0.1100,0.2483,0.2932,0.1798,0.386,-0.364,농경지
1800,11,49.572,2.806,4,0.0404,0.0287,0.0278,0.3408,0.1644,0.0680,0.849,-0.845,산림
1801,101,3.028,37.779,18,0.1113,0.1045,0.0766,0.1025,0.0724,0.0584,0.144,0.010,갯벌
1802,28,34.387,16.938,9,0.0340,0.0615,0.0351,0.2576,0.1888,0.0516,0.760,-0.615,산림
1803,44,18.254,22.429,13,0.0442,0.0701,0.0810,0.2784,0.2418,0.1216,0.549,-0.598,농경지
1804,101,2.637,37.719,18,0.0847,0.1019,0.0755,0.0959,0.0799,0.0504,0.119,0.030,갯벌
1805,48,37.178,24.924,15,0.0644,0.0887,0.1078,0.2916,0.2561,0.1983,0.460,-0.533,농경지
1806,13,59.564,34.883,23,0.0312,0.0650,0.0270,0.2474,0.1986,0.0532,0.803,-0.584,산림
1807,85,12.197,18.991,7,0.0797,0.0579,0.0154,0.0192,0.0115,0.0080,0.108,0.503,수계
1808,38,29.329,22.660,14,0.0449,0.0687,0.0499,0.2160,0.2360,0.1687,0.625,-0.517,농경지
1809,88,52.853,28.217,17,0.0655,0.0483,0.0396,0.0308,0.0055,0.0010,-0.125,0.221,수계
1810,61,33.639,32.982,21,0.0766,0.0686,0.0924,0.1999,0.2322,0.1192,0.368,-0.489,농경지
1811,38,29.361,22.874,14,0.0634,0.0876,0.0466,0.2379,0.2175,0.1711,0.673,-0.462,농경지
1812,82,6.109,30.651,18,0.0413,0.0592,0.0321,0.0285,0.0121,0.0094,-0.060,0.350,수계
1813,37,24.752,10.934,8,0.0328,0.0822,0.0717,0.2261,0.2647,0.1655,0.519,-0.467,농경지
1814,39,17.121,34.225,19,0.0399,0.0908,0.0778,0.2358,0.2116,0.0823,0.504,-0.444,농경지
1815,20,42.946,26.452,16,0.0228,0.0494,0.0223,0.2565,0.1855,0.0571,0.840,-0.677,산림
1816,59,19.251,2.344,1,0.0530,0.0856,0.0556,0.2723,0.2941,0.1313,0.661,-0.522,농경지
1817,84,20.347,19.916,8,0.0716,0.0395,0.0257,0.0311,0.0158,0.0055,0.096,0.119,수계
1818,28,35.022,17.200,9,0.0378,0.0733,0.0321,0.2583,0.2062,0.0553,0.779,-0.558,산림
1819,25,37.867,4.751,3,0.0296,0.0419,0.0256,0.2868,0.1892,0.0752,0.836,-0.745,산림
1820,26,47.869,22.868,16,0.0303,0.0379,0.0280,0.2889,0.1578,0.0826,0.823,-0.768,산림
1821,83,12.377,3.853,1,0.0723,0.0497,0.0304,0.0098,0.0132,0.0065,-0.511,0.670,수계
1822,16,57.354,14.788,11,0.0268,0.0527,0.0175,0.4137,0.1609,0.0481,0.919,-0.774,산림
1823,104,6.737,17.680,6,0.0596,0.0748,0.0797,0.1630,0.0752,0.0554,0.343,-0.371,갯벌
1824,53,13.173,32.093,19,0.0551,0.0979,0.0589,0.2467,0.2515,0.1057,0.615,-0.432,농경지
1825,27,32.000,24.684,15,0.0289,0.0611,0.0270,0.3277,0.1779,0.0577,0.848,-0.686,산림
1826,1,32.128,9.406,3,0.0238,0.0399,0.0271,0.2890,0.1274,0.0719,0.829,-0.757,산림
1827,9,54.136,7.493,5,0.0248,0.0416,0.0205,0.2792,0.2126,0.0727,0.863,-0.741,산림
1828,2,31.874,16.069,9,0.0327,0.0598,0.0328,0.3494,0.1963,0.0735,0.828,-0.708,산림
1829,12,32.247,5.198,3,0.0298,0.0454,0.0403,0.3316,0.1672,0.1008,0.783,-0.759,산림
1830,11,49.580,3.429,4,0.0283,0.0349,0.0391,0.3425,0.1588,0.0665,0.795,-0.815,산림
1831,28,34.580,16.763,9,0.0283,0.0623,0.0346,0.2323,0.2076,0.0548,0.741,-0.577,산림
1832,24,57.764,26.356,17,0.0298,0.0569,0.0402,0.3494,0.1541,0.0542,0.794,-0.720,산림
1833,74,16.518,20.645,13,0.0867,0.1177,0.1142,0.2693,0.3324,0.2081,0.404,-0.392,시가지
1834,75,20.562,28.951,14,0.0862,0.0984,0.1490,0.1894,0.2784,0.1418,0.119,-0.316,시가지
1835,10,33.758,6.969,3,0.0344,0.0435,0.0206,0.2999,0.2099,0.0649,0.872,-0.746,산림
1836,24,57.555,26.169,17,0.0310,0.0664,0.0238,0.2899,0.1467,0.0515,0.848,-0.627,산림
1837,44,18.466,22.275,13,0.0346,0.0815,0.0866,0.3078,0.2498,0.1082,0.561,-0.582,농경지
1838,36,22.959,37.463,20,0.0451,0.0695,0.0926,0.3723,0.2406,0.1049,0.602,-0.685,농경지
1839,79,19.482,16.694,7,0.1019,0.1282,0.0944,0.1381,0.2517,0.1703,0.188,-0.038,시가지
1840,92,35.607,15.393,9,0.0536,0.0497,0.0282,0.0190,0.0129,0.0145,-0.195,0.447,수계
1841,100,43.101,10.207,10,0.1384,0.1595,0.1654,0.2556,0.2281,0.2349,0.214,-0.231,나지
1842,34,30.487,10.154,9,0.0313,0.0611,0.0361,0.3949,0.1743,0.0825,0.832,-0.732,산림
1843,103,4.872,4.465,0,0.0753,0.0815,0.0636,0.1137,0.0586,0.0563,0.282,-0.165,갯벌
1844,54,19.159,15.778,7,0.0628,0.0845,0.0894,0.2605,0.2710,0.1824,0.489,-0.510,농경지
1845,77,15.600,24.553,13,0.1292,0.1175,0.1673,0.3008,0.3053,0.3377,0.285,-0.438,시가지
1846,92,36.163,15.786,9,0.0646,0.0629,0.0327,0.0127,0.0174,0.0114,-0.439,0.664,수계
1847,57,31.634,5.667,3,0.0631,0.0803,0.0559,0.3395,0.1924,0.1534,0.717,-0.617,농경지
1848,17,59.451,20.047,17,0.0163,0.0587,0.0282,0.3804,0.1946,0.0747,0.862,-0.732,산림
1849,53,13.669,32.181,19,0.0520,0.0799,0.0529,0.2703,0.2244,0.1298,0.672,-0.544,농경지
1850,90,34.999,30.702,21,0.0568,0.0478,0.0262,0.0223,0.0100,0.0010,-0.080,0.364,수계
1851,89,41.718,27.898,16,0.0411,0.0453,0.0301,0.0179,0.0173,0.0040,-0.254,0.434,수계
1852,83,12.506,4.931,1,0.0674,0.0390,0.0253,0.0195,0.0080,0.0048,-0.131,0.334,수계
1853,39,17.187,33.666,19,0.0403,0.0804,0.0959,0.2804,0.2206,0.0934,0.490,-0.554,농경지
1854,41,37.482,9.018,3,0.0724,0.1086,0.1310,0.2504,0.2669,0.1943,0.313,-0.395,농경지
1855,17,59.108,20.420,17,0.0253,0.0577,0.0229,0.4066,0.1709,0.0569,0.893,-0.752,산림
1856,19,32.768,1.603,3,0.0369,0.0508,0.0311,0.5173,0.1184,0.0550,0.887,-0.821,산림
1857,66,22.172,14.332,8,0.0757,0.0932,0.1123,0.1617,0.2844,0.1769,0.180,-0.269,시가지
1858,46,25.111,9.660,2,0.0623,0.0754,0.0487,0.2476,0.1999,0.1244,0.671,-0.533,농경지
1859,72,23.810,12.442,8,0.1045,0.0856,0.1186,0.1927,0.2824,0.2143,0.238,-0.385,시가지
1860,74,16.784,20.582,13,0.1069,0.1201,0.1276,0.2742,0.2643,0.2064,0.365,-0.391,시가지
1861,99,32.217,37.455,21,0.0774,0.1674,0.1413,0.2701,0.2438,0.2649,0.313,-0.235,나지
1862,34,30.804,9.934,3,0.0303,0.0617,0.0270,0.4080,0.1674,0.0835,0.876,-0.737,산림
1863,90,35.120,30.152,21,0.0540,0.0508,0.0110,0.0214,0.0092,0.0010,0.322,0.408,수계
1864,33,32.644,10.619,9,0.0401,0.0445,0.0265,0.3553,0.1340,0.0488,0.861,-0.777,산림
1865,56,40.914,35.380,22,0.0523,0.0999,0.0543,0.2124,0.2871,0.1453,0.593,-0.360,농경지
1866,103,5.329,4.374,0,0.0676,0.0896,0.0716,0.1095,0.0614,0.0620,0.209,-0.100,갯벌
1867,31,52.480,32.467,23,0.0303,0.0582,0.0251,0.3336,0.1474,0.0660,0.860,-0.703,산림
1868,7,36.317,36.417,21,0.0200,0.0554,0.0288,0.3349,0.1802,0.0561,0.842,-0.716,산림
1869,8,44.524,2.713,4,0.0249,0.0379,0.0263,0.3662,0.2491,0.0857,0.866,-0.813,산림
1870,43,44.743,8.912,4,0.0465,0.0727,0.0501,0.2806,0.2333,0.1412,0.697,-0.588,농경지
1871,82,6.990,30.348,18,0.0489,0.0612,0.0283,0.0156,0.0050,0.0154,-0.291,0.594,수계
1872,45,27.545,30.122,20,0.0654,0.1088,0.1112,0.2845,0.3010,0.1639,0.438,-0.447,농경지
1873,9,54.355,7.393,5,0.0214,0.0386,0.0257,0.2654,0.1996,0.0771,0.823,-0.746,산림
1874,60,14.841,34.958,19,0.0476,0.1167,0.0766,0.2659,0.1952,0.0988,0.553,-0.390,농경지
1875,89,41.985,28.066,16,0.0435,0.0470,0.0289,0.0161,0.0143,0.0110,-0.284,0.489,수계
1876,12,32.229,4.727,3,0.0230,0.0359,0.0299,0.2845,0.1664,0.0906,0.810,-0.776,산림
1877,62,30.550,19.257,9,0.0506,0.1036,0.0546,0.2176,0.2048,0.0996,0.599,-0.355,농경지
1878,91,54.791,2.222,5,0.0692,0.0465,0.0239,0.0196,0.0089,0.0088,-0.099,0.408,수계
1879,103,4.277,4.433,0,0.0610,0.0709,0.0560,0.1074,0.0676,0.0514,0.315,-0.205,갯벌
1880,92,35.535,15.829,9,0.0568,0.0439,0.0354,0.0191,0.0158,0.0087,-0.298,0.393,수계
1881,69,23.046,24.973,14,0.0938,0.1184,0.1103,0.2010,0.2154,0.2350,0.291,-0.259,시가지
1882,94,37.384,27.885,15,0.1477,0.0883,0.1621,0.2727,0.2581,0.1870,0.254,-0.511,나지
1883,98,36.185,27.153,15,0.1000,0.1571,0.1464,0.2446,0.2760,0.2084,0.251,-0.218,나지
1884,39,17.490,34.113,19,0.0568,0.0919,0.0710,0.2667,0.2162,0.0901,0.579,-0.487,농경지
1885,16,57.059,14.755,11,0.0293,0.0581,0.0291,0.3883,0.1577,0.0558,0.860,-0.740,산림
1886,5,33.643,28.452,15,0.0349,0.0695,0.0316,0.3553,0.1511,0.0733,0.837,-0.673,산림
1887,84,21.068,19.402,8,0.0624,0.0563,0.0329,0.0294,0.0163,0.0084,-0.056,0.314,수계
1888,66,21.521,13.874,8,0.0786,0.0910,0.1219,0.1956,0.2441,0.1972,0.232,-0.365,시가지
1889,57,31.741,5.916,3,0.0734,0.0803,0.0531,0.3105,0.1939,0.1276,0.708,-0.589,농경지
1890,17,58.949,20.161,17,0.0213,0.0570,0.0363,0.3856,0.1960,0.0621,0.828,-0.742,산림
1891,77,15.797,24.676,13,0.1302,0.1137,0.1773,0.3129,0.3306,0.3021,0.277,-0.467,시가지
1892,11,50.071,3.046,5,0.0357,0.0298,0.0263,0.3586,0.1683,0.0685,0.864,-0.847,산림
1893,4,33.925,1.356,3,0.0299,0.0536,0.0481,0.3990,0.1503,0.0593,0.785,-0.763,산림
1894,48,37.625,24.422,15,0.0779,0.0968,0.1165,0.2593,0.2514,0.1931,0.380,-0.457,농경지
1895,62,30.487,19.201,9,0.0491,0.0861,0.0506,0.2111,0.2098,0.1099,0.614,-0.421,농경지
1896,99,32.574,37.890,21,0.0844,0.1748,0.1737,0.2368,0.2631,0.2905,0.154,-0.151,나지
1897,17,59.301,20.406,17,0.0224,0.0576,0.0406,0.4104,0.1792,0.0584,0.820,-0.754,산림
1898,40,20.327,35.369,20,0.0776,0.1230,0.1219,0.2404,0.2477,0.1817,0.327,-0.323,농경지
1899,59,18.867,2.536,1,0.0437,0.0932,0.0594,0.2465,0.2713,0.1237,0.612,-0.451,농경지
1900,43,44.657,9.046,4,0.0548,0.0830,0.0549,0.2735,0.2270,0.1517,0.666,-0.535,농경지
1901,96,27.677,30.697,20,0.1141,0.1132,0.1408,0.2347,0.2612,0.2020,0.250,-0.349,나지
1902,71,17.047,15.907,7,0.1221,0.1070,0.1232,0.1694,0.2001,0.1951,0.158,-0.226,시가지
1903,34,30.796,9.751,3,0.0232,0.0595,0.0309,0.4036,0.1731,0.0723,0.858,-0.743,산림
1904,45,27.923,29.540,14,0.0862,0.1010,0.1356,0.3140,0.2817,0.1951,0.397,-0.513,농경지
1905,76,24.300,22.130,14,0.0885,0.1023,0.0896,0.1964,0.2783,0.2524,0.373,-0.315,시가지
1906,36,22.608,37.798,20,0.0401,0.0825,0.0884,0.3673,0.2144,0.0965,0.612,-0.633,농경지
1907,36,23.099,37.831,20,0.0481,0.0833,0.0951,0.2720,0.2250,0.0863,0.482,-0.531,농경지
1908,39,17.094,33.897,19,0.0374,0.0676,0.0772,0.2204,0.2335,0.0958,0.481,-0.531,농경지
1909,35,34.042,1.147,3,0.0626,0.0884,0.0640,0.2620,0.2924,0.1340,0.607,-0.495,농경지
1910,29,33.821,4.764,3,0.0219,0.0448,0.0326,0.2273,0.1509,0.0754,0.749,-0.670,산림
1911,54,19.061,15.942,7,0.0742,0.1010,0.1053,0.2754,0.2696,0.2155,0.447,-0.463,농경지
1912,39,17.707,33.951,19,0.0461,0.0813,0.0751,0.2458,0.2561,0.1028,0.532,-0.503,농경지
1913,20,42.640,26.035,16,0.0245,0.0409,0.0232,0.2699,0.1896,0.0594,0.842,-0.737,산림
1914,102,6.159,3.691,0,0.0699,0.0628,0.0867,0.1045,0.0895,0.0508,0.093,-0.249,갯벌
1915,69,23.073,24.860,14,0.1055,0.1012,0.1180,0.2302,0.1969,0.2532,0.322,-0.389,시가지
1916,83,12.334,4.531,1,0.0699,0.0371,0.0307,0.0182,0.0156,0.0113,-0.254,0.341,수계
1917,38,29.118,22.261,14,0.0499,0.0682,0.0532,0.2178,0.2102,0.1713,0.608,-0.523,농경지
1918,58,19.350,1.225,1,0.0375,0.1011,0.0695,0.2616,0.2553,0.1168,0.580,-0.443,농경지
1919,59,19.160,1.949,1,0.0515,0.0770,0.0585,0.2634,0.3254,0.1334,0.637,-0.548,농경지
1920,92,36.149,15.614,9,0.0528,0.0478,0.0440,0.0155,0.0172,0.0066,-0.479,0.510,수계
1921,9,54.560,8.012,5,0.0233,0.0463,0.0278,0.2673,0.1825,0.0693,0.812,-0.705,산림
1922,9,54.075,7.501,5,0.0236,0.0348,0.0245,0.3227,0.2018,0.0749,0.859,-0.805,산림
1923,93,46.487,29.477,16,0.1201,0.1658,0.1633,0.2865,0.3390,0.1997,0.274,-0.267,나지
1924,2,32.417,16.045,9,0.0410,0.0541,0.0350,0.3299,0.2260,0.0756,0.808,-0.718,산림
1925,36,23.308,38.109,20,0.0465,0.0769,0.0764,0.2850,0.2194,0.0904,0.577,-0.575,농경지
1926,33,33.030,10.579,9,0.0306,0.0545,0.0248,0.3568,0.1212,0.0539,0.870,-0.735,산림
1927,93,46.163,29.358,16,0.1061,0.1702,0.1427,0.2969,0.3141,0.2168,0.351,-0.271,나지
1928,93,46.511,29.845,16,0.1130,0.1623,0.1513,0.2544,0.3654,0.2097,0.254,-0.221,나지
1929,64,37.186,20.316,15,0.0384,0.0801,0.0554,0.3452,0.2375,0.1613,0.723,-0.623,농경지
1930,73,26.867,25.845,14,0.0683,0.1064,0.1151,0.3186,0.2943,0.2072,0.469,-0.499,시가지
1931,73,26.833,25.585,14,0.0663,0.0899,0.1108,0.2679,0.2937,0.1675,0.415,-0.497,시가지
1932,46,25.277,9.789,2,0.0585,0.0609,0.0534,0.2462,0.1718,0.1381,0.644,-0.603,농경지
1933,39,17.553,34.048,19,0.0404,0.0756,0.0809,0.2653,0.2341,0.1015,0.533,-0.556,농경지
1934,5,34.253,28.457,15,0.0283,0.0611,0.0300,0.3972,0.1387,0.0765,0.860,-0.733,산림
1935,85,12.336,18.696,7,0.0911,0.0606,0.0275,0.0240,0.0122,0.0090,-0.068,0.433,수계
1936,96,27.915,30.271,20,0.1263,0.1128,0.1409,0.1923,0.2564,0.1965,0.154,-0.260,나지
1937,33,32.492,10.641,9,0.0284,0.0547,0.0291,0.3095,0.1359,0.0425,0.828,-0.700,산림
1938,11,49.518,2.963,4,0.0310,0.0316,0.0312,0.3358,0.1645,0.0828,0.830,-0.828,산림
1939,44,18.240,22.273,13,0.0515,0.0699,0.0860,0.2909,0.2256,0.1375,0.544,-0.613,농경지
1940,28,34.315,17.175,9,0.0376,0.0692,0.0309,0.2255,0.2004,0.0573,0.759,-0.530,산림
1941,54,19.361,15.595,7,0.0760,0.0975,0.1051,0.2360,0.2489,0.1715,0.384,-0.415,농경지
1942,46,25.934,9.669,2,0.0686,0.0763,0.0573,0.2588,0.1958,0.1425,0.638,-0.545,농경지
1943,88,52.303,28.533,17,0.0711,0.0615,0.0345,0.0218,0.0070,0.0102,-0.224,0.476,수계
1944,12,32.088,4.930,3,0.0257,0.0350,0.0409,0.3327,0.1563,0.0890,0.781,-0.809,산림
1945,66,21.814,13.833,8,0.0751,0.1039,0.1070,0.1838,0.2957,0.1947,0.264,-0.278,시가지
1946,63,24.964,5.956,2,0.0632,0.0761,0.0405,0.3011,0.1995,0.0872,0.763,-0.597,농경지
1947,41,37.695,8.727,3,0.0746,0.1210,0.1068,0.2889,0.2488,0.1991,0.460,-0.410,농경지
1948,98,36.397,27.130,15,0.1306,0.1586,0.1440,0.2503,0.2709,0.2634,0.270,-0.224,나지
1949,82,6.486,30.287,18,0.0449,0.0589,0.0167,0.0177,0.0163,0.0057,0.029,0.537,수계
1950,24,57.788,26.010,17,0.0307,0.0705,0.0350,0.3507,0.1625,0.0606,0.819,-0.665,산림
1951,65,24.578,18.778,8,0.0929,0.0957,0.1386,0.2506,0.2229,0.2283,0.288,-0.447,시가지
1952,91,54.539,2.185,5,0.0630,0.0358,0.0243,0.0170,0.0103,0.0091,-0.178,0.357,수계
1953,5,34.093,29.156,15,0.0372,0.0644,0.0400,0.3260,0.1388,0.0594,0.781,-0.670,산림
1954,74,16.270,20.987,13,0.0898,0.1280,0.1208,0.2616,0.3022,0.2217,0.368,-0.343,시가지
1955,45,27.655,29.833,14,0.0742,0.1087,0.1293,0.2659,0.3066,0.1730,0.346,-0.420,농경지
1956,69,23.411,24.520,14,0.1055,0.1257,0.1175,0.1952,0.1705,0.2296,0.249,-0.216,시가지
1957,5,34.150,28.861,15,0.0222,0.0676,0.0296,0.3310,0.1389,0.0736,0.836,-0.661,산림
1958,88,52.531,28.321,17,0.0725,0.0528,0.0359,0.0255,0.0098,0.0124,-0.169,0.348,수계
1959,36,23.020,37.429,20,0.0588,0.0746,0.0877,0.3325,0.2167,0.0932,0.583,-0.633,농경지
1960,62,30.412,19.271,9,0.0587,0.0929,0.0510,0.1911,0.2223,0.1059,0.579,-0.346,농경지
1961,75,20.520,29.416,14,0.0964,0.1083,0.1585,0.1920,0.2226,0.1591,0.096,-0.279,시가지
1962,36,23.177,37.863,20,0.0408,0.0715,0.0849,0.3295,0.1997,0.0995,0.590,-0.643,농경지
1963,55,16.186,18.808,7,0.0534,0.0894,0.0588,0.2080,0.1823,0.1281,0.559,-0.399,농경지
1964,102,5.537,3.204,0,0.0711,0.0634,0.0611,0.0971,0.1202,0.0602,0.228,-0.210,갯벌
1965,93,45.935,29.411,16,0.1093,0.1652,0.1666,0.2809,0.3079,0.2120,0.255,-0.259,나지
1966,38,29.379,22.181,14,0.0623,0.0693,0.0513,0.2091,0.2448,0.1639,0.606,-0.502,농경지
1967,29,33.364,4.971,3,0.0224,0.0433,0.0326,0.2056,0.1555,0.0752,0.726,-0.652,산림
1968,9,54.020,7.843,5,0.0281,0.0366,0.0304,0.2813,0.1829,0.0715,0.805,-0.770,산림
1969,74,16.677,20.257,13,0.0930,0.1148,0.1284,0.2259,0.2927,0.2483,0.275,-0.326,시가지
1970,55,16.128,19.028,7,0.0540,0.1031,0.0468,0.2057,0.1966,0.1220,0.629,-0.332,농경지
1971,33,33.266,10.611,9,0.0292,0.0491,0.0250,0.3866,0.1403,0.0518,0.878,-0.775,산림
1972,40,19.909,35.567,19,0.0903,0.1124,0.1046,0.2357,0.2740,0.1691,0.385,-0.354,농경지
1973,78,23.411,25.150,14,0.0928,0.1190,0.0992,0.1586,0.2407,0.1965,0.230,-0.143,시가지
1974,91,54.351,2.328,5,0.0446,0.0546,0.0258,0.0155,0.0071,0.0055,-0.250,0.558,수계
1975,22,44.385,30.414,22,0.0259,0.0470,0.0204,0.2284,0.1588,0.0670,0.836,-0.659,산림
1976,1,32.715,9.809,3,0.0331,0.0444,0.0284,0.3082,0.1297,0.0737,0.831,-0.748,산림
1977,29,33.657,5.183,3,0.0356,0.0343,0.0270,0.2007,0.1540,0.0773,0.763,-0.708,산림
1978,51,22.738,0.692,2,0.0361,0.0857,0.0772,0.2640,0.1959,0.1426,0.548,-0.510,농경지
1979,89,42.265,28.192,16,0.0414,0.0428,0.0254,0.0167,0.0188,0.0130,-0.208,0.439,수계
1980,22,44.618,30.732,22,0.0286,0.0416,0.0377,0.2501,0.1535,0.0659,0.738,-0.715,산림
1981,57,31.790,5.371,3,0.0721,0.0947,0.0543,0.2907,0.1886,0.1486,0.685,-0.508,농경지
1982,5,33.759,28.773,15,0.0238,0.0570,0.0359,0.3067,0.1577,0.0603,0.791,-0.686,산림
1983,37,24.636,11.429,8,0.0327,0.0749,0.0604,0.2305,0.2474,0.1599,0.585,-0.509,농경지
1984,89,41.621,28.241,16,0.0460,0.0466,0.0282,0.0182,0.0065,0.0031,-0.217,0.438,수계
1985,42,38.433,30.080,21,0.0731,0.1015,0.0483,0.2762,0.1994,0.1216,0.703,-0.463,농경지
1986,78,23.957,24.592,14,0.0871,0.1230,0.1125,0.1712,0.2550,0.1702,0.207,-0.164,시가지
1987,64,37.029,20.945,15,0.0359,0.0877,0.0563,0.3029,0.2451,0.1623,0.687,-0.551,농경지
1988,47,12.806,20.511,13,0.0949,0.0968,0.1407,0.2687,0.2633,0.1966,0.313,-0.470,농경지
1989,78,23.445,25.225,14,0.0852,0.1092,0.1115,0.1827,0.2515,0.1580,0.242,-0.252,시가지
1990,34,30.714,9.731,3,0.0316,0.0472,0.0287,0.4064,0.1795,0.0724,0.868,-0.792,산림
1991,56,40.504,34.984,22,0.0514,0.0877,0.0601,0.2297,0.2806,0.1473,0.585,-0.448,농경지
1992,45,27.212,29.454,14,0.0724,0.1111,0.1086,0.2688,0.3028,0.1480,0.425,-0.415,농경지
1993,54,18.764,15.714,7,0.0663,0.0937,0.1050,0.2431,0.2509,0.1806,0.397,-0.444,농경지
1994,36,23.043,37.652,20,0.0467,0.0693,0.0801,0.3332,0.2404,0.0927,0.612,-0.656,농경지
1995,68,25.464,29.409,14,0.1059,0.0861,0.1159,0.2583,0.2014,0.2466,0.381,-0.500,시가지
1996,28,34.752,16.855,9,0.0321,0.0656,0.0354,0.2688,0.1892,0.0488,0.767,-0.608,산림
1997,83,12.587,4.865,1,0.0706,0.0472,0.0318,0.0129,0.0062,0.0081,-0.422,0.570,수계
1998,86,21.652,38.624,20,0.0700,0.0512,0.0249,0.0226,0.0077,0.0152,-0.047,0.387,수계
1999,38,29.297,22.445,14,0.0501,0.0804,0.0455,0.2355,0.2163,0.1712,0.676,-0.491,농경지
2000,38,29.045,22.606,14,0.0557,0.0750,0.0489,0.2363,0.2441,0.1815,0.657,-0.518,농경지
2001,88,52.776,28.575,17,0.0734,0.0539,0.0356,0.0255,0.0127,0.0021,-0.166,0.358,수계
2002,2,32.318,15.691,9,0.0411,0.0485,0.0337,0.3373,0.1789,0.0778,0.818,-0.749,산림
2003,33,33.378,10.505,9,0.0366,0.0524,0.0245,0.3721,0.1401,0.0513,0.877,-0.753,산림
2004,57,31.965,5.802,3,0.0730,0.0707,0.0520,0.3260,0.2033,0.1471,0.725,-0.644,농경지
2005,82,7.057,31.091,18,0.0579,0.0586,0.0297,0.0216,0.0102,0.0092,-0.158,0.462,수계
2006,67,26.431,15.516,8,0.1062,0.0865,0.1205,0.2223,0.1931,0.1837,0.297,-0.440,시가지
2007,33,33.035,10.292,9,0.0224,0.0520,0.0249,0.3500,0.1353,0.0573,0.867,-0.741,산림
2008,97,18.843,21.764,13,0.0975,0.1341,0.1556,0.2440,0.3024,0.2973,0.221,-0.291,나지
2009,69,23.565,25.085,14,0.1042,0.1070,0.1129,0.1907,0.2041,0.2211,0.256,-0.281,시가지
2010,21,33.336,34.204,21,0.0299,0.0591,0.0319,0.3551,0.2041,0.1019,0.835,-0.715,산림
2011,41,37.479,8.870,3,0.0854,0.0984,0.1198,0.3214,0.2799,0.1946,0.457,-0.531,농경지
2012,16,57.265,14.461,11,0.0293,0.0513,0.0276,0.3724,0.1328,0.0646,0.862,-0.758,산림
2013,9,54.499,7.520,5,0.0288,0.0372,0.0254,0.2876,0.1701,0.0615,0.838,-0.771,산림
2014,16,57.158,14.548,11,0.0264,0.0568,0.0356,0.3860,0.1899,0.0483,0.831,-0.743,산림
2015,11,49.571,3.040,4,0.0411,0.0355,0.0196,0.3165,0.1666,0.0548,0.883,-0.799,산림
2016,58,19.289,1.238,1,0.0458,0.0905,0.0734,0.2733,0.2410,0.1177,0.577,-0.503,농경지
2017,4,33.815,1.495,3,0.0284,0.0541,0.0382,0.4391,0.1582,0.0667,0.840,-0.780,산림
2018,46,24.863,9.710,2,0.0658,0.0734,0.0614,0.2484,0.2050,0.1356,0.604,-0.544,농경지
2019,12,31.872,5.268,3,0.0313,0.0338,0.0347,0.2806,0.1681,0.0840,0.780,-0.785,산림
2020,94,37.846,27.529,15,0.1453,0.1082,0.1507,0.2838,0.3092,0.2093,0.306,-0.448,나지
2021,30,32.880,23.750,15,0.0311,0.0598,0.0305,0.3518,0.1256,0.0708,0.840,-0.709,산림
2022,41,37.411,8.672,3,0.0789,0.1024,0.1012,0.2966,0.2439,0.1876,0.491,-0.487,농경지
2023,52,22.225,15.093,8,0.0507,0.0772,0.0606,0.2757,0.1365,0.1237,0.640,-0.562,농경지
2024,51,22.892,0.818,2,0.0315,0.0817,0.0657,0.2552,0.1627,0.1202,0.590,-0.515,농경지
2025,6,32.132,20.973,15,0.0212,0.0668,0.0280,0.3566,0.1462,0.0797,0.854,-0.684,산림
2026,68,25.023,29.710,14,0.0996,0.0936,0.1089,0.2505,0.1730,0.2694,0.394,-0.456,시가지
2027,6,33.335,21.197,15,0.0147,0.0647,0.0336,0.3897,0.1341,0.0744,0.841,-0.715,산림
2028,22,44.952,30.499,22,0.0384,0.0304,0.0211,0.2428,0.1558,0.0733,0.840,-0.778,산림
2029,43,44.936,8.850,4,0.0428,0.0737,0.0635,0.3006,0.2491,0.1282,0.651,-0.606,농경지
2030,38,28.911,22.506,14,0.0532,0.0757,0.0446,0.2212,0.2347,0.1632,0.665,-0.490,농경지
2031,77,15.787,24.481,13,0.1247,0.1182,0.1312,0.2947,0.3060,0.3380,0.384,-0.427,시가지
2032,46,25.264,9.647,2,0.0573,0.0616,0.0507,0.2571,0.1832,0.1239,0.671,-0.614,농경지
2033,62,30.662,19.137,9,0.0519,0.0897,0.0527,0.2183,0.2357,0.0996,0.611,-0.418,농경지
2034,45,27.765,29.932,14,0.0942,0.0972,0.1336,0.2829,0.3250,0.1733,0.359,-0.488,농경지
2035,30,32.408,23.564,15,0.0256,0.0608,0.0342,0.3715,0.1492,0.0623,0.831,-0.719,산림
2036,32,40.568,18.095,10,0.0270,0.0374,0.0427,0.4352,0.2034,0.0905,0.821,-0.842,산림
2037,100,43.250,9.850,4,0.1300,0.1964,0.1556,0.2726,0.2592,0.2254,0.273,-0.162,나지
2038,28,34.115,16.883,9,0.0348,0.0685,0.0388,0.2645,0.2178,0.0515,0.744,-0.588,산림
2039,34,30.636,9.757,3,0.0293,0.0497,0.0293,0.3914,0.1809,0.0809,0.861,-0.774,산림
2040,20,42.531,26.385,16,0.0291,0.0423,0.0289,0.2556,0.1768,0.0575,0.797,-0.716,산림
2041,40,19.403,35.724,19,0.0854,0.1334,0.1188,0.2882,0.2588,0.1509,0.416,-0.367,농경지
2042,36,22.989,38.011,20,0.0472,0.0922,0.0814,0.3045,0.2114,0.0963,0.578,-0.535,농경지
2043,43,44.924,9.081,4,0.0508,0.0774,0.0641,0.3145,0.2431,0.1204,0.661,-0.605,농경지
2044,74,16.626,20.239,13,0.0880,0.1175,0.1335,0.2605,0.2905,0.1913,0.322,-0.378,시가지
2045,2,31.983,16.576,9,0.0361,0.0545,0.0270,0.3471,0.2298,0.0706,0.855,-0.729,산림
2046,16,57.473,14.526,11,0.0300,0.0491,0.0249,0.4527,0.1620,0.0403,0.896,-0.804,산림
2047,61,33.587,32.998,21,0.0736,0.0842,0.0803,0.2335,0.2333,0.1292,0.488,-0.470,농경지
2048,77,15.696,24.611,13,0.1319,0.0972,0.1660,0.2831,0.3193,0.3495,0.261,-0.489,시가지
2049,103,4.854,4.674,0,0.0538,0.0744,0.0595,0.0941,0.0747,0.0658,0.225,-0.117,갯벌
2050,13,59.087,34.547,23,0.0223,0.0506,0.0393,0.2325,0.1497,0.0659,0.711,-0.643,산림
2051,77,15.965,24.667,13,0.1218,0.1050,0.1743,0.2750,0.2896,0.3325,0.224,-0.447,시가지
2052,95,30.685,20.258,15,0.1089,0.1276,0.1509,0.2258,0.2326,0.2616,0.199,-0.278,나지
2053,32,40.455,17.563,10,0.0293,0.0403,0.0423,0.3364,0.2390,0.0970,0.776,-0.786,산림
2054,72,23.614,12.605,8,0.1082,0.0847,0.1287,0.2068,0.3470,0.2089,0.233,-0.419,시가지
2055,17,59.484,19.879,11,0.0336,0.0553,0.0309,0.4516,0.1574,0.0698,0.872,-0.782,산림
2056,80,32.760,26.631,15,0.1218,0.1247,0.1201,0.1978,0.2566,0.2190,0.245,-0.227,시가지
2057,67,26.171,15.485,8,0.0884,0.0853,0.1326,0.2185,0.2106,0.1963,0.245,-0.438,시가지
2058,80,32.508,27.235,15,0.1188,0.1215,0.1259,0.1920,0.2393,0.2156,0.208,-0.225,시가지
2059,104,5.936,17.894,6,0.0618,0.0747,0.0684,0.1681,0.0733,0.0456,0.422,-0.385,갯벌
2060,55,15.649,18.878,7,0.0465,0.0890,0.0493,0.1840,0.2007,0.1115,0.577,-0.348,농경지
2061,96,27.783,30.375,20,0.1123,0.1281,0.1473,0.2325,0.2547,0.2018,0.224,-0.290,나지
2062,30,32.790,23.314,15,0.0206,0.0555,0.0301,0.3726,0.1391,0.0714,0.851,-0.741,산림
2063,78,23.459,24.655,14,0.0781,0.1091,0.1074,0.1711,0.2304,0.1914,0.229,-0.221,시가지
2064,58,19.311,1.094,1,0.0443,0.0986,0.0640,0.2418,0.2045,0.1112,0.581,-0.421,농경지
2065,68,25.489,29.949,14,0.1026,0.0889,0.1284,0.2172,0.2065,0.2732,0.257,-0.419,시가지
2066,10,33.403,7.164,3,0.0274,0.0462,0.0329,0.3165,0.1980,0.0563,0.812,-0.745,산림
2067,28,34.844,16.811,9,0.0366,0.0570,0.0278,0.2544,0.2002,0.0538,0.803,-0.634,산림
2068,17,58.999,19.701,11,0.0231,0.0644,0.0362,0.4282,0.1537,0.0601,0.844,-0.739,산림
2069,9,54.850,7.740,5,0.0258,0.0377,0.0263,0.2872,0.2005,0.0664,0.832,-0.768,산림
2070,15,52.430,12.999,11,0.0302,0.0497,0.0424,0.4011,0.1459,0.0468,0.809,-0.780,산림
2071,36,22.726,37.765,20,0.0469,0.0922,0.0866,0.2898,0.2125,0.0900,0.540,-0.517,농경지
2072,100,43.184,10.022,10,0.1256,0.1845,0.1445,0.2773,0.2687,0.2512,0.315,-0.201,나지
2073,68,25.274,29.537,14,0.1006,0.0920,0.1282,0.2387,0.1892,0.2480,0.301,-0.443,시가지
2074,24,57.647,26.504,17,0.0315,0.0724,0.0218,0.2953,0.1460,0.0530,0.862,-0.606,산림
2075,78,23.639,24.814,14,0.0900,0.1177,0.1195,0.1661,0.2679,0.2024,0.163,-0.171,시가지
2076,43,44.973,8.642,4,0.0561,0.0630,0.0654,0.2907,0.2784,0.1416,0.633,-0.644,농경지
2077,62,30.120,19.358,9,0.0448,0.0923,0.0517,0.2072,0.2042,0.1048,0.600,-0.384,농경지
2078,43,44.887,9.064,4,0.0455,0.0817,0.0564,0.2694,0.2257,0.1435,0.654,-0.535,농경지
2079,77,15.456,24.632,13,0.1277,0.1002,0.1611,0.2476,0.3219,0.3191,0.212,-0.424,시가지
2080,100,43.110,9.596,4,0.1293,0.1719,0.1415,0.2356,0.2385,0.2392,0.249,-0.156,나지
2081,11,49.198,3.442,4,0.0338,0.0391,0.0311,0.3345,0.1792,0.0661,0.830,-0.791,산림
2082,10,34.003,6.927,3,0.0312,0.0427,0.0246,0.2780,0.1632,0.0641,0.837,-0.734,산림
2083,66,21.682,14.247,8,0.0812,0.1073,0.1281,0.1670,0.2496,0.1958,0.132,-0.217,시가지
2084,90,35.025,30.657,21,0.0653,0.0405,0.0244,0.0221,0.0098,0.0079,-0.048,0.293,수계
2085,38,29.538,22.318,14,0.0616,0.0624,0.0468,0.2041,0.2369,0.1644,0.627,-0.532,농경지
2086,5,33.674,28.547,15,0.0274,0.0596,0.0362,0.3531,0.1678,0.0757,0.814,-0.711,산림
2087,35,33.416,0.946,3,0.0561,0.0946,0.0668,0.2603,0.3108,0.1291,0.591,-0.467,농경지
2088,39,17.558,33.955,19,0.0482,0.0729,0.0813,0.3000,0.2210,0.1085,0.574,-0.609,농경지
2089,42,38.865,29.830,15,0.0818,0.0951,0.0572,0.2678,0.2020,0.1157,0.648,-0.476,농경지
2090,77,15.979,24.507,13,0.1418,0.1146,0.1492,0.2858,0.3200,0.3623,0.314,-0.428,시가지
2091,94,37.560,27.784,15,0.1424,0.0981,0.1449,0.3291,0.3089,0.2396,0.389,-0.541,나지
2092,46,25.359,9.267,2,0.0653,0.0759,0.0528,0.2539,0.1857,0.1160,0.656,-0.540,농경지
2093,85,11.964,19.241,7,0.0779,0.0579,0.0228,0.0188,0.0098,0.0043,-0.095,0.509,수계
2094,45,28.026,29.777,14,0.0752,0.1010,0.1237,0.2652,0.3066,0.1763,0.364,-0.448,농경지
2095,10,33.787,6.529,3,0.0173,0.0446,0.0258,0.3023,0.1795,0.0501,0.843,-0.743,산림
2096,103,4.991,4.895,0,0.0706,0.0827,0.0666,0.0915,0.0737,0.0526,0.157,-0.050,갯벌
2097,64,37.156,20.341,15,0.0389,0.0860,0.0509,0.2823,0.3034,0.1736,0.695,-0.533,농경지
2098,57,31.472,6.153,3,0.0641,0.0774,0.0432,0.2942,0.1827,0.1391,0.744,-0.583,농경지
2099,62,29.934,19.089,8,0.0439,0.1044,0.0481,0.2238,0.1964,0.0980,0.646,-0.364,농경지
2100,96,27.262,30.486,20,0.1273,0.1162,0.1307,0.2242,0.2717,0.2176,0.263,-0.317,나지
2101,44,18.197,22.433,13,0.0417,0.0665,0.0798,0.3293,0.2354,0.1131,0.610,-0.664,농경지
2102,6,32.501,21.287,15,0.0283,0.0753,0.0363,0.3786,0.1506,0.0829,0.825,-0.668,산림
2103,97,18.237,20.922,13,0.1057,0.1528,0.1643,0.2521,0.3006,0.2696,0.211,-0.245,나지
2104,57,31.430,5.814,3,0.0685,0.0807,0.0428,0.2947,0.1992,0.1324,0.746,-0.570,농경지
2105,90,35.016,30.725,21,0.0519,0.0575,0.0264,0.0296,0.0127,0.0010,0.056,0.321,수계
2106,43,44.301,9.390,4,0.0500,0.0726,0.0579,0.3029,0.2579,0.1524,0.679,-0.613,농경지
2107,53,13.694,32.243,19,0.0511,0.0730,0.0659,0.2764,0.2017,0.1230,0.615,-0.582,농경지
2108,98,36.362,27.824,15,0.1163,0.1528,0.1356,0.2444,0.2739,0.2334,0.286,-0.230,나지
2109,62,30.073,19.386,9,0.0534,0.0987,0.0467,0.2329,0.2391,0.1068,0.666,-0.405,농경지
2110,37,24.617,11.627,8,0.0239,0.0852,0.0598,0.2214,0.2780,0.1472,0.575,-0.444,농경지
2111,53,13.946,31.888,19,0.0522,0.0834,0.0624,0.2574,0.2274,0.1054,0.610,-0.511,농경지
2112,55,15.524,18.846,7,0.0470,0.0971,0.0521,0.2005,0.1947,0.1237,0.587,-0.347,농경지
2113,54,18.732,15.905,7,0.0803,0.0967,0.0933,0.2108,0.2757,0.1916,0.386,-0.371,농경지
2114,53,13.809,32.105,19,0.0536,0.0817,0.0492,0.2625,0.2394,0.1267,0.684,-0.525,농경지
2115,101,2.316,37.815,18,0.1017,0.0921,0.0625,0.0938,0.0754,0.0572,0.200,-0.009,갯벌
2116,20,42.959,26.260,16,0.0199,0.0437,0.0314,0.2472,0.1739,0.0644,0.774,-0.699,산림
2117,88,52.482,27.852,17,0.0663,0.0635,0.0320,0.0268,0.0133,0.0122,-0.088,0.406,수계
2118,84,20.806,19.795,8,0.0629,0.0490,0.0285,0.0285,0.0121,0.0115,0.001,0.264,수계
2119,45,27.470,29.379,14,0.0803,0.1067,0.1439,0.2601,0.2753,0.1636,0.288,-0.418,농경지
2120,74,16.616,20.400,13,0.0830,0.1052,0.1007,0.2518,0.2829,0.2112,0.429,-0.410,시가지
2121,99,32.065,37.620,21,0.0856,0.1565,0.1537,0.2640,0.2662,0.2499,0.264,-0.255,나지
2122,83,12.583,4.624,1,0.0648,0.0496,0.0331,0.0160,0.0080,0.0086,-0.348,0.512,수계
2123,22,44.411,30.173,22,0.0237,0.0384,0.0325,0.2727,0.1755,0.0683,0.787,-0.753,산림
2124,7,36.270,36.751,21,0.0254,0.0450,0.0292,0.3002,0.1648,0.0547,0.822,-0.739,산림
2125,19,32.392,1.721,3,0.0462,0.0620,0.0253,0.4768,0.1083,0.0666,0.899,-0.770,산림
2126,40,19.929,35.590,19,0.0843,0.1110,0.1042,0.2832,0.2393,0.1527,0.462,-0.437,농경지
2127,25,37.633,4.254,3,0.0223,0.0373,0.0211,0.3234,0.2066,0.0717,0.877,-0.793,산림
2128,1,32.737,8.765,3,0.0350,0.0415,0.0278,0.3686,0.1160,0.0667,0.860,-0.797,산림
2129,8,45.014,2.526,4,0.0288,0.0402,0.0232,0.3910,0.2222,0.0804,0.888,-0.814,산림
2130,55,15.668,18.894,7,0.0569,0.0850,0.0520,0.2108,0.2020,0.1139,0.604,-0.425,농경지
2131,48,36.846,24.956,15,0.0677,0.0913,0.1170,0.3030,0.3090,0.2045,0.443,-0.537,농경지
2132,21,33.257,34.126,21,0.0311,0.0591,0.0357,0.3310,0.1858,0.0955,0.805,-0.697,산림
2133,17,58.914,19.857,11,0.0277,0.0545,0.0398,0.4093,0.1576,0.0658,0.823,-0.765,산림
2134,28,34.394,17.645,9,0.0325,0.0639,0.0318,0.2444,0.2248,0.0598,0.770,-0.586,산림
2135,45,27.279,30.254,20,0.0729,0.1041,0.1288,0.2885,0.3056,0.1731,0.383,-0.470,농경지
2136,97,18.634,21.149,13,0.0981,0.1144,0.1450,0.2308,0.2911,0.2792,0.228,-0.337,나지
2137,11,49.963,2.808,4,0.0346,0.0272,0.0255,0.3444,0.1753,0.0645,0.862,-0.853,산림
2138,49,32.862,12.683,9,0.0818,0.0986,0.1129,0.2218,0.2420,0.1916,0.325,-0.384,농경지
2139,104,6.329,18.386,6,0.0577,0.0636,0.0747,0.1859,0.0769,0.0556,0.426,-0.490,갯벌
2140,72,24.027,12.310,8,0.0939,0.0799,0.1417,0.1894,0.2917,0.1996,0.144,-0.407,시가지
2141,89,41.936,27.685,16,0.0443,0.0481,0.0327,0.0131,0.0142,0.0137,-0.427,0.572,수계
2142,85,11.867,19.588,7,0.0712,0.0702,0.0300,0.0256,0.0146,0.0110,-0.079,0.466,수계
2143,75,19.997,29.212,13,0.0958,0.1084,0.1586,0.1897,0.2372,0.1417,0.089,-0.273,시가지
2144,58,19.433,1.311,1,0.0407,0.0957,0.0650,0.2979,0.2448,0.1160,0.642,-0.514,농경지
2145,74,16.904,20.689,13,0.1014,0.1321,0.1064,0.2873,0.2899,0.2396,0.460,-0.370,시가지
2146,91,54.333,2.319,5,0.0547,0.0532,0.0294,0.0144,0.0187,0.0010,-0.342,0.573,수계
2147,99,32.303,37.907,21,0.0927,0.1783,0.1615,0.2588,0.2427,0.2911,0.232,-0.184,나지
2148,62,30.339,18.927,9,0.0477,0.0964,0.0540,0.2169,0.1907,0.0972,0.602,-0.385,농경지
2149,64,37.474,20.399,15,0.0338,0.0697,0.0597,0.3216,0.2881,0.1576,0.687,-0.644,농경지
2150,61,33.231,33.485,21,0.0843,0.0823,0.0917,0.2352,0.2380,0.1242,0.439,-0.482,농경지
2151,53,13.720,31.832,19,0.0574,0.0793,0.0665,0.2651,0.2232,0.1098,0.599,-0.540,농경지
2152,79,20.017,16.923,8,0.1269,0.1339,0.1033,0.1331,0.2765,0.1941,0.126,0.003,시가지
2153,44,17.978,22.011,13,0.0469,0.0713,0.0742,0.2824,0.2276,0.1135,0.584,-0.597,농경지
2154,76,24.915,21.780,14,0.1093,0.0941,0.0800,0.1879,0.3157,0.2424,0.403,-0.333,시가지
2155,30,32.343,23.463,15,0.0242,0.0622,0.0331,0.3955,0.1338,0.0587,0.846,-0.728,산림
2156,78,22.828,24.979,14,0.0852,0.1039,0.1177,0.1655,0.2172,0.2016,0.169,-0.229,시가지
2157,38,29.100,22.335,14,0.0582,0.0795,0.0531,0.2340,0.2572,0.1833,0.630,-0.493,농경지
2158,82,6.445,30.399,18,0.0483,0.0591,0.0311,0.0268,0.0083,0.0021,-0.075,0.377,수계
2159,44,18.356,22.297,13,0.0522,0.0669,0.0726,0.3244,0.2545,0.1038,0.634,-0.658,농경지
2160,48,36.934,25.127,15,0.0876,0.0932,0.1104,0.2659,0.2604,0.2090,0.413,-0.481,농경지
2161,58,19.855,1.596,1,0.0416,0.0917,0.0654,0.2499,0.2363,0.1018,0.585,-0.463,농경지
2162,77,15.877,24.970,13,0.1247,0.1149,0.1965,0.2833,0.3452,0.3181,0.181,-0.423,시가지
2163,22,44.170,30.169,22,0.0255,0.0365,0.0211,0.2504,0.1624,0.0643,0.845,-0.745,산림
2164,29,33.618,5.227,3,0.0268,0.0354,0.0279,0.2172,0.1474,0.0597,0.773,-0.720,산림
2165,38,29.238,22.951,14,0.0516,0.0770,0.0511,0.2465,0.2133,0.1710,0.656,-0.524,농경지
2166,57,31.611,6.183,3,0.0683,0.0913,0.0478,0.2688,0.1856,0.1435,0.698,-0.493,농경지
2167,68,25.662,29.602,14,0.1037,0.0773,0.1215,0.2369,0.1730,0.2639,0.322,-0.508,시가지
2168,11,49.118,3.089,4,0.0356,0.0244,0.0273,0.3371,0.1613,0.0813,0.850,-0.865,산림
2169,67,26.284,14.925,8,0.0820,0.0965,0.1157,0.2050,0.2112,0.2116,0.278,-0.360,시가지
2170,6,32.185,21.035,15,0.0147,0.0544,0.0373,0.2995,0.1343,0.0811,0.779,-0.693,산림
2171,19,32.618,1.476,3,0.0354,0.0559,0.0255,0.4822,0.0917,0.0700,0.899,-0.792,산림
2172,17,59.438,20.353,17,0.0301,0.0719,0.0311,0.3716,0.1748,0.0700,0.845,-0.676,산림
2173,84,21.120,19.889,8,0.0757,0.0543,0.0235,0.0159,0.0178,0.0024,-0.194,0.548,수계
2174,53,13.652,31.898,19,0.0528,0.0796,0.0560,0.2790,0.2347,0.1240,0.666,-0.556,농경지
2175,78,23.311,24.827,14,0.0790,0.1212,0.0974,0.1895,0.2442,0.2055,0.321,-0.220,시가지
2176,61,33.695,33.056,21,0.0656,0.0754,0.0775,0.2212,0.2586,0.1163,0.481,-0.491,농경지
2177,74,16.818,20.681,13,0.0901,0.1083,0.1156,0.2546,0.2745,0.2323,0.375,-0.403,시가지
2178,91,54.406,2.180,5,0.0634,0.0483,0.0253,0.0245,0.0196,0.0060,-0.017,0.328,수계
2179,39,17.303,33.891,19,0.0405,0.0818,0.0831,0.2583,0.2144,0.1006,0.513,-0.519,농경지
2180,1,32.944,9.530,3,0.0357,0.0537,0.0334,0.3052,0.1311,0.0714,0.802,-0.701,산림
2181,48,37.155,24.998,15,0.0860,0.0946,0.0982,0.2624,0.2399,0.1818,0.456,-0.470,농경지
2182,29,33.896,5.306,3,0.0238,0.0321,0.0245,0.2199,0.1714,0.0881,0.800,-0.745,산림
2183,53,13.965,31.591,19,0.0591,0.0858,0.0545,0.2943,0.2168,0.1014,0.687,-0.548,농경지
2184,49,32.933,12.809,9,0.0763,0.1216,0.1128,0.2398,0.2569,0.2061,0.360,-0.327,농경지
2185,89,42.090,28.244,16,0.0404,0.0517,0.0262,0.0294,0.0145,0.0061,0.057,0.275,수계
2186,28,34.524,16.725,9,0.0346,0.0582,0.0282,0.2639,0.2054,0.0568,0.807,-0.638,산림
2187,62,30.205,19.429,9,0.0483,0.0998,0.0550,0.2203,0.2065,0.0973,0.600,-0.377,농경지
2188,28,34.824,16.809,9,0.0390,0.0551,0.0332,0.2619,0.2482,0.0580,0.775,-0.652,산림
2189,64,37.342,20.468,15,0.0411,0.0926,0.0556,0.3214,0.2662,0.1527,0.705,-0.553,농경지
2190,54,19.164,15.742,7,0.0643,0.0962,0.1099,0.2307,0.2750,0.1851,0.355,-0.412,농경지
2191,39,17.026,33.750,19,0.0468,0.0869,0.0665,0.2547,0.2189,0.0927,0.586,-0.491,농경지
2192,68,25.429,28.998,14,0.1054,0.0950,0.1141,0.2487,0.1929,0.2592,0.371,-0.447,시가지
2193,58,19.501,1.183,1,0.0426,0.0921,0.0702,0.2504,0.2469,0.1157,0.562,-0.462,농경지
2194,38,29.010,22.461,14,0.0529,0.0794,0.0468,0.2432,0.2222,0.1821,0.677,-0.508,농경지
2195,47,13.120,20.837,13,0.0891,0.1108,0.1187,0.2876,0.2571,0.1835,0.416,-0.444,농경지
2196,89,41.679,28.141,16,0.0438,0.0442,0.0244,0.0214,0.0094,0.0076,-0.065,0.347,수계
2197,50,22.528,25.663,14,0.0565,0.0773,0.0721,0.2319,0.1686,0.1430,0.526,-0.500,농경지
2198,69,22.880,25.109,14,0.1105,0.1234,0.1307,0.2092,0.1738,0.2565,0.231,-0.258,시가지
2199,47,13.349,20.892,13,0.0863,0.1025,0.1147,0.2689,0.2681,0.1971,0.402,-0.448,농경지
2200,58,19.453,0.881,1,0.0439,0.0936,0.0631,0.2594,0.2519,0.1148,0.609,-0.470,농경지
2201,57,31.533,5.766,3,0.0607,0.0749,0.0424,0.2907,0.1632,0.1343,0.745,-0.590,농경지
2202,55,15.501,19.370,7,0.0487,0.1006,0.0536,0.1817,0.1991,0.1198,0.544,-0.287,농경지
2203,66,21.513,14.147,8,0.0819,0.0839,0.1210,0.1584,0.2832,0.1889,0.134,-0.307,시가지
2204,56,40.935,35.020,22,0.0447,0.1012,0.0561,0.2205,0.2487,0.1542,0.594,-0.371,농경지
2205,9,54.351,7.091,5,0.0197,0.0284,0.0205,0.2733,0.1750,0.0580,0.860,-0.811,산림
2206,98,35.635,27.027,15,0.1002,0.1657,0.1400,0.2947,0.2563,0.2316,0.356,-0.280,나지
2207,83,12.798,4.605,1,0.0803,0.0438,0.0298,0.0178,0.0165,0.0111,-0.251,0.421,수계
2208,73,26.838,25.795,14,0.0650,0.0824,0.1059,0.2942,0.3037,0.1925,0.471,-0.563,시가지
2209,44,18.032,22.328,13,0.0410,0.0695,0.0751,0.2834,0.2347,0.1199,0.581,-0.606,농경지
2210,53,13.843,32.036,19,0.0464,0.0891,0.0665,0.2844,0.2389,0.1238,0.621,-0.523,농경지
2211,46,25.353,9.531,2,0.0556,0.0832,0.0586,0.2804,0.1970,0.1344,0.654,-0.542,농경지
2212,61,33.058,32.937,21,0.0831,0.0846,0.0717,0.2164,0.2291,0.1087,0.502,-0.438,농경지
2213,33,32.966,9.795,3,0.0296,0.0531,0.0197,0.3450,0.1471,0.0484,0.892,-0.733,산림
2214,40,19.934,35.220,19,0.0897,0.1056,0.1065,0.2259,0.2609,0.1743,0.359,-0.363,농경지
2215,44,18.224,22.234,13,0.0502,0.0825,0.0701,0.3296,0.2560,0.1305,0.649,-0.600,농경지
2216,57,31.563,5.758,3,0.0653,0.0768,0.0497,0.2987,0.1915,0.1277,0.715,-0.591,농경지
2217,69,23.461,24.902,14,0.0983,0.1138,0.1183,0.1832,0.1977,0.2257,0.215,-0.234,시가지
2218,78,23.812,25.010,14,0.0803,0.1322,0.1080,0.1711,0.2370,0.2010,0.226,-0.128,시가지
2219,71,17.566,15.779,7,0.1019,0.1069,0.1328,0.1675,0.2084,0.1919,0.116,-0.221,시가지
2220,85,11.685,19.277,7,0.0799,0.0619,0.0235,0.0287,0.0166,0.0125,0.100,0.367,수계
2221,50,22.532,25.702,14,0.0626,0.0719,0.0807,0.2257,0.1483,0.1227,0.473,-0.517,농경지
2222,66,21.930,13.683,8,0.0837,0.0959,0.1164,0.1638,0.2818,0.1957,0.169,-0.261,시가지
2223,62,30.299,19.243,9,0.0447,0.0894,0.0548,0.1959,0.2172,0.0982,0.563,-0.373,농경지
2224,100,43.217,9.907,4,0.1366,0.1659,0.1624,0.2285,0.2266,0.2527,0.169,-0.159,나지
2225,28,34.755,16.656,9,0.0375,0.0583,0.0327,0.2571,0.1999,0.0610,0.774,-0.630,산림
2226,29,34.146,4.874,3,0.0204,0.0356,0.0322,0.2573,0.1382,0.0885,0.777,-0.757,산림
2227,20,43.676,26.564,16,0.0287,0.0561,0.0304,0.2566,0.1538,0.0526,0.788,-0.641,산림
2228,94,37.929,28.160,15,0.1398,0.1069,0.1310,0.3351,0.2935,0.2078,0.438,-0.516,나지
2229,97,18.756,21.618,13,0.1080,0.1272,0.1612,0.2060,0.2775,0.2891,0.122,-0.236,나지
2230,7,36.346,36.598,21,0.0193,0.0441,0.0292,0.2716,0.1621,0.0531,0.806,-0.721,산림
2231,49,32.556,12.525,9,0.0785,0.1166,0.1206,0.1852,0.2603,0.1808,0.211,-0.227,농경지
2232,87,10.486,2.846,1,0.0556,0.0515,0.0294,0.0165,0.0011,0.0072,-0.282,0.515,수계
2233,50,22.444,25.311,14,0.0664,0.0719,0.0769,0.2196,0.1484,0.1437,0.481,-0.507,농경지
2234,76,24.415,21.847,14,0.1023,0.1099,0.0695,0.1702,0.2964,0.2559,0.420,-0.215,시가지
2235,36,22.689,37.594,20,0.0435,0.0638,0.0918,0.3060,0.2513,0.0942,0.538,-0.655,농경지
2236,66,21.595,13.776,8,0.0980,0.1015,0.1046,0.1553,0.3175,0.2010,0.195,-0.210,시가지
2237,25,37.939,3.899,3,0.0301,0.0378,0.0147,0.3043,0.1810,0.0550,0.908,-0.779,산림
2238,75,20.290,29.785,14,0.0929,0.1043,0.1696,0.1887,0.2543,0.1684,0.054,-0.288,시가지
2239,55,16.268,18.969,7,0.0484,0.0903,0.0487,0.1848,0.2001,0.1364,0.582,-0.343,농경지
2240,35,33.912,0.998,3,0.0609,0.0885,0.0646,0.2594,0.2901,0.1212,0.601,-0.491,농경지
2241,45,27.218,30.459,20,0.0868,0.0976,0.1338,0.2944,0.3111,0.1806,0.375,-0.502,농경지
2242,61,33.437,33.419,21,0.0794,0.0739,0.0779,0.2031,0.2466,0.1302,0.445,-0.466,농경지
2243,77,16.571,24.580,13,0.1187,0.1106,0.1700,0.3512,0.3321,0.3242,0.348,-0.521,시가지
2244,86,21.486,38.115,20,0.0732,0.0547,0.0112,0.0273,0.0101,0.0113,0.418,0.335,수계
2245,64,36.610,20.397,15,0.0380,0.0743,0.0599,0.3257,0.2569,0.1682,0.689,-0.628,농경지
2246,89,42.336,28.250,16,0.0509,0.0412,0.0272,0.0129,0.0052,0.0097,-0.357,0.523,수계
2247,92,35.881,16.024,9,0.0566,0.0475,0.0257,0.0260,0.0074,0.0030,0.005,0.293,수계
2248,64,37.063,20.213,15,0.0403,0.0818,0.0612,0.2783,0.2771,0.1681,0.640,-0.546,농경지
2249,64,36.954,20.541,15,0.0326,0.0814,0.0564,0.3167,0.2696,0.1583,0.698,-0.591,농경지
2250,92,35.565,16.067,9,0.0584,0.0488,0.0394,0.0279,0.0103,0.0046,-0.171,0.273,수계
2251,89,41.825,27.989,16,0.0437,0.0456,0.0298,0.0127,0.0197,0.0100,-0.401,0.563,수계
2252,80,33.212,26.663,15,0.1291,0.1259,0.1127,0.2260,0.2675,0.2216,0.334,-0.285,시가지
2253,89,41.936,28.059,16,0.0401,0.0433,0.0287,0.0135,0.0156,0.0053,-0.358,0.524,수계
2254,64,36.990,20.360,15,0.0319,0.0825,0.0540,0.3030,0.2728,0.1535,0.697,-0.572,농경지
2255,88,52.965,28.763,17,0.0779,0.0595,0.0346,0.0258,0.0145,0.0010,-0.145,0.394,수계
2256,47,13.447,20.235,13,0.0775,0.0911,0.1169,0.2258,0.2537,0.1962,0.318,-0.425,농경지
2257,84,21.187,19.619,8,0.0678,0.0565,0.0289,0.0269,0.0169,0.0010,-0.036,0.354,수계
2258,57,31.859,5.945,3,0.0577,0.0699,0.0431,0.3027,0.1757,0.1445,0.751,-0.625,농경지
2259,24,57.668,26.372,17,0.0375,0.0789,0.0256,0.3989,0.1685,0.0471,0.880,-0.670,산림
2260,45,27.788,30.358,20,0.0758,0.1010,0.1272,0.3063,0.3164,0.1803,0.413,-0.504,농경지
2261,2,32.147,16.299,9,0.0394,0.0549,0.0356,0.3636,0.2022,0.0673,0.822,-0.738,산림
2262,16,57.223,14.843,11,0.0323,0.0549,0.0283,0.4399,0.1640,0.0603,0.879,-0.778,산림
2263,30,32.324,23.094,15,0.0230,0.0524,0.0305,0.3737,0.1509,0.0601,0.849,-0.754,산림
2264,97,18.907,21.450,13,0.1044,0.1132,0.1497,0.2252,0.2955,0.2416,0.201,-0.331,나지
2265,1,32.891,9.531,3,0.0329,0.0435,0.0324,0.3440,0.1217,0.0763,0.828,-0.775,산림
2266,66,22.119,14.053,8,0.0886,0.0968,0.1110,0.1469,0.2679,0.1742,0.139,-0.206,시가지
2267,32,40.689,17.305,10,0.0391,0.0380,0.0496,0.3599,0.2166,0.0902,0.758,-0.809,산림
2268,103,4.815,4.158,0,0.0655,0.0706,0.0612,0.1054,0.0696,0.0521,0.266,-0.198,갯벌
2269,9,54.256,7.683,5,0.0223,0.0306,0.0282,0.3030,0.1749,0.0671,0.829,-0.817,산림
2270,92,35.778,15.985,9,0.0536,0.0447,0.0386,0.0309,0.0097,0.0113,-0.112,0.183,수계
2271,28,34.664,16.869,9,0.0374,0.0647,0.0309,0.3031,0.1797,0.0442,0.815,-0.648,산림
2272,70,25.853,23.420,14,0.0854,0.1026,0.1120,0.1919,0.2682,0.2448,0.263,-0.303,시가지
2273,102,5.762,3.445,0,0.0642,0.0712,0.0794,0.0978,0.0903,0.0590,0.104,-0.157,갯벌
2274,40,19.910,35.769,19,0.0802,0.1081,0.1072,0.2528,0.2809,0.1723,0.404,-0.401,농경지
2275,62,30.082,19.159,9,0.0464,0.0913,0.0407,0.2029,0.2183,0.1066,0.666,-0.379,농경지
2276,88,53.040,28.386,17,0.0636,0.0538,0.0385,0.0363,0.0081,0.0061,-0.030,0.195,수계
2277,84,20.579,19.360,8,0.0657,0.0433,0.0267,0.0284,0.0102,0.0021,0.031,0.208,수계
2278,32,40.513,17.456,10,0.0287,0.0330,0.0382,0.4234,0.2363,0.0848,0.834,-0.855,산림
2279,74,16.986,20.258,13,0.0885,0.1088,0.1039,0.2735,0.2899,0.1939,0.449,-0.431,시가지
2280,100,42.691,10.205,10,0.1267,0.1784,0.1559,0.2561,0.2676,0.2323,0.243,-0.179,나지
2281,44,18.101,22.403,13,0.0439,0.0620,0.0717,0.2984,0.2542,0.1024,0.612,-0.656,농경지
2282,49,32.943,12.603,9,0.0788,0.1168,0.1166,0.2189,0.2374,0.1755,0.305,-0.304,농경지
2283,74,16.829,20.583,13,0.1036,0.1127,0.1444,0.2518,0.3011,0.2246,0.271,-0.382,시가지
2284,96,27.668,30.565,20,0.1264,0.1264,0.1560,0.2176,0.2700,0.2178,0.165,-0.265,나지
2285,24,57.664,26.425,17,0.0257,0.0671,0.0199,0.3686,0.1416,0.0547,0.897,-0.692,산림
2286,62,29.882,19.355,8,0.0495,0.0920,0.0342,0.2023,0.2052,0.0962,0.711,-0.375,농경지
2287,22,44.804,30.516,22,0.0212,0.0384,0.0256,0.2739,0.1620,0.0691,0.829,-0.754,산림
2288,97,18.686,21.444,13,0.0977,0.1450,0.1509,0.2164,0.2492,0.2941,0.178,-0.197,나지
2289,73,27.063,26.147,14,0.0611,0.0990,0.1117,0.2824,0.2848,0.2026,0.433,-0.481,시가지
2290,1,32.244,9.228,3,0.0320,0.0439,0.0355,0.3450,0.1333,0.0627,0.813,-0.774,산림
2291,87,10.188,2.904,1,0.0571,0.0578,0.0279,0.0202,0.0094,0.0080,-0.158,0.481,수계
2292,75,20.180,29.858,14,0.0956,0.1000,0.1319,0.1945,0.2126,0.1638,0.192,-0.321,시가지
2293,21,33.900,34.408,21,0.0348,0.0530,0.0376,0.3067,0.1978,0.0872,0.782,-0.706,산림
2294,59,19.307,2.228,1,0.0428,0.0929,0.0494,0.2678,0.3372,0.1573,0.688,-0.485,농경지
2295,58,19.226,0.808,1,0.0463,0.1038,0.0691,0.2605,0.2211,0.1101,0.581,-0.430,농경지
2296,48,37.523,24.579,15,0.0649,0.1062,0.1094,0.2670,0.2684,0.1855,0.419,-0.431,농경지
2297,93,45.904,28.941,16,0.0995,0.1832,0.1473,0.3038,0.3269,0.1874,0.347,-0.248,나지
2298,47,12.949,20.611,13,0.0739,0.1132,0.1343,0.2657,0.2887,0.1898,0.329,-0.402,농경지
2299,39,17.609,34.128,19,0.0514,0.0803,0.0734,0.2539,0.2445,0.0952,0.552,-0.519,농경지
2300,70,26.068,23.805,14,0.1019,0.1115,0.1054,0.1865,0.2781,0.2377,0.278,-0.252,시가지
2301,44,18.474,22.373,13,0.0474,0.0666,0.0789,0.3121,0.2616,0.1062,0.597,-0.648,농경지
2302,81,49.218,1.736,4,0.0476,0.0458,0.0393,0.0217,0.0158,0.0107,-0.289,0.357,수계
2303,38,29.317,22.614,14,0.0567,0.0705,0.0526,0.2152,0.2393,0.1823,0.607,-0.507,농경지
2304,59,19.387,2.409,1,0.0499,0.0844,0.0505,0.2450,0.3644,0.1620,0.658,-0.488,농경지
2305,71,17.771,15.949,7,0.1335,0.1099,0.1398,0.1615,0.2153,0.2050,0.072,-0.190,시가지
2306,11,49.786,2.847,4,0.0319,0.0287,0.0263,0.3002,0.1755,0.0647,0.839,-0.825,산림
2307,102,6.336,3.300,0,0.0927,0.0741,0.0725,0.0924,0.1042,0.0466,0.121,-0.110,갯벌
2308,1,33.298,9.704,3,0.0270,0.0423,0.0241,0.3046,0.1159,0.0612,0.854,-0.756,산림
2309,40,20.297,35.824,20,0.0794,0.1010,0.1244,0.2998,0.2694,0.1656,0.413,-0.496,농경지
2310,83,12.406,4.775,1,0.0706,0.0444,0.0370,0.0151,0.0136,0.0087,-0.421,0.493,수계
2311,27,32.093,24.965,15,0.0335,0.0503,0.0314,0.3390,0.2046,0.0477,0.830,-0.742,산림
2312,32,40.712,17.595,10,0.0257,0.0418,0.0335,0.3836,0.2008,0.1078,0.839,-0.803,산림
2313,58,19.111,0.513,1,0.0489,0.0929,0.0684,0.2550,0.2539,0.1137,0.577,-0.466,농경지
2314,7,36.850,36.975,21,0.0167,0.0431,0.0331,0.3033,0.1385,0.0627,0.803,-0.751,산림
2315,50,22.566,25.382,14,0.0632,0.0716,0.0851,0.2945,0.1495,0.1239,0.552,-0.609,농경지
2316,99,32.034,37.969,21,0.1048,0.1929,0.1507,0.2960,0.2612,0.2545,0.325,-0.211,나지
2317,11,49.871,3.085,4,0.0333,0.0340,0.0317,0.3387,0.1725,0.0709,0.829,-0.817,산림
2318,39,17.555,34.093,19,0.0488,0.0750,0.0805,0.2259,0.2158,0.0995,0.474,-0.501,농경지
2319,38,29.221,22.694,14,0.0461,0.0731,0.0510,0.2060,0.2379,0.1995,0.603,-0.476,농경지
2320,102,5.889,2.886,0,0.0652,0.0652,0.0736,0.0940,0.1210,0.0530,0.122,-0.181,갯벌
2321,46,25.294,9.331,2,0.0531,0.0623,0.0498,0.2655,0.1925,0.1278,0.684,-0.620,농경지
2322,83,12.281,4.665,1,0.0701,0.0434,0.0347,0.0258,0.0150,0.0077,-0.146,0.254,수계
2323,4,33.674,1.339,3,0.0392,0.0444,0.0524,0.3989,0.1472,0.0662,0.768,-0.800,산림
2324,34,31.006,9.650,3,0.0309,0.0440,0.0266,0.4017,0.1431,0.0816,0.876,-0.803,산림
2325,24,57.249,26.089,17,0.0340,0.0665,0.0320,0.3235,0.1442,0.0409,0.820,-0.659,산림
2326,54,19.033,15.738,7,0.0782,0.0861,0.1015,0.2422,0.2354,0.1988,0.410,-0.475,농경지
2327,99,32.421,37.400,21,0.0821,0.1492,0.1410,0.3024,0.2677,0.3009,0.364,-0.339,나지
2328,100,43.297,10.516,10,0.1505,0.1746,0.1889,0.2310,0.2257,0.2244,0.100,-0.139,나지
2329,74,16.292,20.287,13,0.0880,0.1124,0.1199,0.2708,0.2974,0.2365,0.386,-0.413,시가지
2330,92,35.626,16.023,9,0.0498,0.0448,0.0368,0.0204,0.0109,0.0049,-0.288,0.376,수계
2331,60,14.491,35.048,19,0.0499,0.1138,0.0820,0.2706,0.2126,0.0983,0.535,-0.408,농경지
2332,74,17.369,20.720,13,0.0856,0.1221,0.1309,0.2764,0.2537,0.2226,0.357,-0.387,시가지
2333,45,27.434,30.416,20,0.0862,0.1265,0.1292,0.2534,0.3216,0.1685,0.325,-0.334,농경지
2334,51,22.893,0.424,2,0.0402,0.0750,0.0762,0.2905,0.2093,0.1274,0.584,-0.589,농경지
2335,29,34.284,4.931,3,0.0174,0.0367,0.0261,0.2287,0.1570,0.0889,0.795,-0.723,산림
2336,59,19.150,2.012,1,0.0528,0.0887,0.0584,0.2572,0.3040,0.1296,0.630,-0.487,농경지
2337,61,34.016,33.014,21,0.0788,0.0747,0.0791,0.2497,0.2204,0.1180,0.519,-0.540,농경지
2338,48,37.197,25.132,15,0.0697,0.0891,0.1118,0.2242,0.2404,0.1898,0.335,-0.431,농경지
2339,61,33.878,33.057,21,0.0729,0.0705,0.0662,0.2280,0.2729,0.1025,0.550,-0.528,농경지
2340,74,16.680,20.755,13,0.0911,0.1185,0.1240,0.2622,0.2566,0.2293,0.358,-0.378,시가지
2341,4,33.298,0.777,3,0.0396,0.0551,0.0413,0.3732,0.1423,0.0659,0.801,-0.743,산림
2342,54,18.897,15.677,7,0.0835,0.0905,0.0987,0.2551,0.2409,0.1834,0.442,-0.476,농경지
2343,35,33.959,0.710,3,0.0448,0.0943,0.0670,0.2582,0.3039,0.1111,0.588,-0.465,농경지
2344,36,22.889,38.073,20,0.0472,0.0780,0.0788,0.3158,0.2195,0.0875,0.601,-0.604,농경지
2345,61,33.920,33.186,21,0.0779,0.0767,0.0753,0.1977,0.2154,0.1168,0.448,-0.441,농경지
2346,30,32.127,23.276,15,0.0259,0.0688,0.0384,0.3289,0.1382,0.0755,0.791,-0.654,산림
2347,1,32.489,9.529,3,0.0259,0.0482,0.0262,0.3416,0.1196,0.0667,0.857,-0.753,산림
2348,43,44.655,8.846,4,0.0420,0.0713,0.0519,0.2867,0.2653,0.1134,0.693,-0.602,농경지
2349,25,37.892,4.516,3,0.0344,0.0392,0.0180,0.2879,0.1720,0.0595,0.882,-0.760,산림
2350,73,27.222,25.553,14,0.0538,0.0889,0.0995,0.3304,0.2591,0.1856,0.537,-0.576,시가지
2351,59,19.631,2.253,1,0.0531,0.0880,0.0571,0.2643,0.3133,0.1250,0.645,-0.500,농경지
2352,27,32.135,24.417,15,0.0346,0.0553,0.0298,0.3717,0.2141,0.0430,0.851,-0.741,산림
2353,68,25.654,29.682,14,0.1177,0.0909,0.1128,0.2399,0.1814,0.2472,0.360,-0.450,시가지
2354,82,6.517,30.551,18,0.0532,0.0618,0.0287,0.0242,0.0064,0.0095,-0.085,0.438,수계
2355,81,48.933,1.742,4,0.0448,0.0417,0.0454,0.0275,0.0164,0.0133,-0.246,0.206,수계
2356,27,31.650,24.619,15,0.0354,0.0600,0.0246,0.3532,0.2154,0.0587,0.870,-0.710,산림
2357,15,52.386,12.516,11,0.0364,0.0590,0.0352,0.3983,0.1602,0.0460,0.838,-0.742,산림
2358,76,24.857,21.683,14,0.0979,0.1020,0.0664,0.2129,0.2866,0.2531,0.525,-0.352,시가지
2359,17,58.935,20.160,17,0.0242,0.0468,0.0411,0.3849,0.1751,0.0641,0.807,-0.783,산림
2360,90,34.569,30.619,21,0.0587,0.0467,0.0185,0.0266,0.0127,0.0054,0.181,0.274,수계
2361,71,17.810,16.485,7,0.1100,0.1092,0.1160,0.1698,0.2230,0.1661,0.188,-0.217,시가지
2362,38,29.175,22.286,14,0.0532,0.0744,0.0475,0.2220,0.2402,0.1651,0.647,-0.498,농경지
2363,10,33.703,6.755,3,0.0274,0.0414,0.0229,0.2775,0.1940,0.0597,0.848,-0.740,산림
2364,64,37.044,20.243,15,0.0397,0.0669,0.0599,0.2994,0.2782,0.1660,0.667,-0.635,농경지
2365,94,37.454,27.892,15,0.1451,0.0882,0.1367,0.2804,0.2843,0.1947,0.345,-0.521,나지
2366,21,33.637,34.188,21,0.0250,0.0598,0.0298,0.2999,0.1822,0.0836,0.819,-0.667,산림
2367,4,33.746,1.819,3,0.0280,0.0551,0.0440,0.3964,0.1717,0.0648,0.800,-0.756,산림
2368,42,38.622,30.088,21,0.0783,0.0963,0.0568,0.2414,0.1939,0.1102,0.619,-0.430,농경지
2369,85,11.927,19.206,7,0.0793,0.0608,0.0234,0.0261,0.0141,0.0089,0.055,0.400,수계
2370,71,17.414,16.290,7,0.1078,0.1257,0.1196,0.1637,0.1793,0.1736,0.155,-0.131,시가지
2371,27,31.643,24.369,15,0.0363,0.0565,0.0299,0.3581,0.1965,0.0560,0.846,-0.727,산림
2372,74,16.761,20.644,13,0.0835,0.1266,0.1133,0.2847,0.2798,0.2189,0.431,-0.384,시가지
2373,61,33.843,33.187,21,0.0707,0.0760,0.0857,0.2027,0.2499,0.1239,0.406,-0.455,농경지
2374,30,32.789,23.315,15,0.0223,0.0562,0.0324,0.3563,0.1302,0.0681,0.833,-0.728,산림
2375,34,30.621,10.371,9,0.0284,0.0539,0.0241,0.3808,0.1936,0.0984,0.881,-0.752,산림
2376,7,36.778,36.540,21,0.0174,0.0448,0.0302,0.2832,0.1572,0.0545,0.807,-0.727,산림
2377,42,38.245,30.003,21,0.0848,0.0999,0.0585,0.2499,0.2372,0.1152,0.621,-0.429,농경지
2378,74,16.699,20.599,13,0.1072,0.1089,0.1295,0.2870,0.2658,0.2307,0.378,-0.450,시가지
2379,55,16.183,19.129,7,0.0396,0.0901,0.0485,0.2133,0.2182,0.1267,0.630,-0.406,농경지
2380,92,35.625,16.088,9,0.0470,0.0485,0.0337,0.0191,0.0063,0.0172,-0.276,0.434,수계
2381,22,44.801,30.647,22,0.0286,0.0439,0.0338,0.2329,0.1605,0.0562,0.747,-0.683,산림
2382,86,21.183,38.015,20,0.0595,0.0463,0.0179,0.0169,0.0129,0.0069,-0.031,0.465,수계
2383,68,25.433,29.689,14,0.1088,0.0926,0.1345,0.2469,0.1891,0.2567,0.295,-0.454,시가지
2384,59,19.495,2.373,1,0.0530,0.0735,0.0551,0.2536,0.3250,0.1337,0.643,-0.551,농경지
2385,30,32.995,23.457,15,0.0195,0.0600,0.0378,0.3643,0.1429,0.0799,0.812,-0.717,산림
2386,14,41.895,38.904,22,0.0225,0.0428,0.0490,0.2693,0.1651,0.0939,0.692,-0.726,산림
2387,78,23.525,24.966,14,0.0827,0.1211,0.1169,0.1727,0.2335,0.1951,0.192,-0.176,시가지
2388,100,42.816,10.350,10,0.1377,0.1929,0.1513,0.2421,0.2311,0.2617,0.231,-0.113,나지
2389,93,46.150,29.261,16,0.1242,0.1766,0.1460,0.2697,0.3260,0.2242,0.298,-0.209,나지
2390,96,27.545,30.444,20,0.1221,0.1218,0.1622,0.2315,0.2590,0.2424,0.176,-0.310,나지
2391,61,33.532,33.698,21,0.0660,0.0855,0.0784,0.2366,0.2717,0.1215,0.502,-0.469,농경지
2392,89,41.682,28.306,16,0.0417,0.0424,0.0275,0.0137,0.0194,0.0108,-0.334,0.511,수계
2393,52,21.817,14.899,8,0.0593,0.0891,0.0537,0.2442,0.1901,0.1093,0.640,-0.465,농경지
2394,104,6.959,18.162,6,0.0470,0.0718,0.0854,0.1655,0.0750,0.0539,0.319,-0.395,갯벌
2395,72,23.872,12.407,8,0.1062,0.0867,0.1355,0.1685,0.2449,0.1723,0.108,-0.321,시가지
2396,89,41.945,28.361,16,0.0370,0.0448,0.0210,0.0144,0.0156,0.0096,-0.185,0.513,수계
2397,82,6.371,30.213,18,0.0486,0.0656,0.0203,0.0185,0.0098,0.0071,-0.046,0.560,수계
2398,5,33.929,28.439,15,0.0254,0.0774,0.0356,0.3544,0.1421,0.0686,0.818,-0.642,산림
2399,48,37.110,25.136,15,0.0818,0.0990,0.1080,0.2701,0.2617,0.1840,0.429,-0.464,농경지
2400,102,6.269,3.393,0,0.0735,0.0750,0.0772,0.0889,0.0941,0.0531,0.071,-0.085,갯벌
2401,28,34.808,17.476,9,0.0270,0.0504,0.0243,0.2613,0.1798,0.0557,0.830,-0.676,산림
2402,70,26.030,23.655,14,0.0913,0.0982,0.1085,0.1810,0.2773,0.2464,0.250,-0.297,시가지
2403,76,24.430,22.266,14,0.0999,0.0980,0.0794,0.1859,0.2922,0.2162,0.401,-0.310,시가지
2404,82,6.385,30.469,18,0.0413,0.0637,0.0273,0.0235,0.0169,0.0052,-0.074,0.461,수계
2405,102,5.697,3.340,0,0.0717,0.0624,0.0768,0.0863,0.1018,0.0575,0.058,-0.160,갯벌
2406,38,29.386,22.443,14,0.0589,0.0736,0.0498,0.2106,0.2418,0.1763,0.617,-0.482,농경지
2407,17,59.123,19.465,11,0.0215,0.0632,0.0364,0.4278,0.1823,0.0527,0.843,-0.743,산림
2408,1,32.759,8.964,3,0.0201,0.0503,0.0310,0.3075,0.1099,0.0647,0.817,-0.719,산림
2409,90,34.742,30.357,21,0.0531,0.0513,0.0217,0.0315,0.0188,0.0010,0.184,0.239,수계
2410,74,16.990,20.322,13,0.0921,0.1265,0.1258,0.2607,0.2896,0.2112,0.349,-0.346,시가지
2411,95,30.859,20.476,15,0.0933,0.1146,0.1473,0.2014,0.2734,0.2618,0.155,-0.274,나지
2412,33,33.000,10.391,9,0.0413,0.0450,0.0204,0.3807,0.1294,0.0531,0.898,-0.788,산림
2413,78,23.528,24.843,14,0.0691,0.1160,0.0855,0.1514,0.2375,0.1546,0.278,-0.132,시가지
2414,93,46.684,29.139,16,0.1002,0.1756,0.1391,0.3172,0.3116,0.2246,0.390,-0.287,나지
2415,89,42.087,27.977,16,0.0504,0.0574,0.0280,0.0172,0.0110,0.0115,-0.239,0.539,수계
2416,2,32.291,16.088,9,0.0355,0.0507,0.0351,0.3228,0.2351,0.0665,0.804,-0.729,산림
2417,97,19.122,21.057,13,0.0934,0.1304,0.1393,0.2409,0.2709,0.2778,0.267,-0.298,나지
2418,92,35.623,15.793,9,0.0574,0.0503,0.0292,0.0216,0.0110,0.0132,-0.150,0.400,수계
2419,101,2.572,37.724,18,0.0990,0.1026,0.0965,0.0939,0.0712,0.0694,-0.014,0.044,갯벌
2420,34,30.718,9.440,3,0.0311,0.0474,0.0238,0.4353,0.1665,0.0720,0.896,-0.803,산림
2421,33,32.856,9.833,3,0.0332,0.0423,0.0202,0.3579,0.1424,0.0555,0.893,-0.789,산림
2422,16,57.166,14.724,11,0.0274,0.0554,0.0275,0.4309,0.1733,0.0440,0.880,-0.772,산림
2423,49,32.660,12.731,9,0.0837,0.1152,0.1228,0.2194,0.2569,0.1872,0.282,-0.311,농경지
2424,58,19.213,1.094,1,0.0374,0.0921,0.0628,0.2607,0.2321,0.1103,0.612,-0.478,농경지
2425,66,21.860,14.093,8,0.0984,0.0919,0.1255,0.1604,0.2504,0.2080,0.122,-0.271,시가지
2426,26,48.873,22.784,16,0.0322,0.0471,0.0230,0.3600,0.1721,0.0887,0.880,-0.769,산림
2427,10,33.806,6.914,3,0.0345,0.0438,0.0308,0.3030,0.1732,0.0526,0.815,-0.748,산림
2428,3,46.995,9.731,4,0.0357,0.0542,0.0278,0.2976,0.1192,0.0645,0.829,-0.692,산림
2429,35,33.907,1.265,3,0.0526,0.0846,0.0706,0.2515,0.2803,0.1225,0.562,-0.497,농경지
2430,7,36.587,36.920,21,0.0169,0.0452,0.0308,0.2824,0.1799,0.0550,0.803,-0.724,산림
2431,100,43.355,10.138,10,0.1105,0.1859,0.1560,0.2449,0.2630,0.2499,0.222,-0.137,나지
2432,59,19.649,2.276,1,0.0458,0.0811,0.0618,0.2670,0.3044,0.1414,0.624,-0.534,농경지
2433,59,18.980,2.025,1,0.0452,0.0742,0.0520,0.2731,0.2997,0.1308,0.680,-0.572,농경지
2434,20,42.807,26.499,16,0.0214,0.0409,0.0278,0.2365,0.1782,0.0638,0.790,-0.705,산림
2435,69,23.317,24.922,14,0.1000,0.1173,0.1228,0.1957,0.1957,0.2533,0.229,-0.250,시가지
2436,23,57.917,27.676,17,0.0245,0.0491,0.0308,0.2876,0.1869,0.0616,0.807,-0.708,산림
2437,97,18.444,21.035,13,0.1021,0.1336,0.1632,0.2500,0.2311,0.2890,0.210,-0.303,나지
2438,37,24.749,11.111,8,0.0396,0.0698,0.0784,0.2411,0.2273,0.1450,0.509,-0.551,농경지
2439,72,23.481,12.275,8,0.0820,0.0903,0.1372,0.1902,0.2832,0.1846,0.162,-0.356,시가지
2440,52,22.007,15.095,8,0.0525,0.0803,0.0608,0.2926,0.1569,0.1280,0.656,-0.569,농경지
2441,40,20.250,35.208,20,0.0961,0.1175,0.1152,0.2515,0.2622,0.1459,0.372,-0.363,농경지
2442,6,32.426,21.346,15,0.0216,0.0570,0.0344,0.3422,0.1581,0.0818,0.817,-0.714,산림
2443,73,26.573,25.594,14,0.0583,0.0999,0.1036,0.3136,0.2828,0.1952,0.503,-0.517,시가지
2444,72,23.767,12.596,8,0.1061,0.0885,0.1371,0.1796,0.2696,0.2285,0.134,-0.340,시가지
2445,78,23.517,24.731,14,0.0808,0.1235,0.0933,0.1580,0.2498,0.1765,0.257,-0.122,시가지
2446,92,35.761,15.913,9,0.0525,0.0585,0.0341,0.0158,0.0114,0.0109,-0.366,0.575,수계
2447,86,21.731,38.234,20,0.0665,0.0565,0.0184,0.0188,0.0143,0.0087,0.010,0.501,수계
2448,30,32.583,23.519,15,0.0218,0.0650,0.0404,0.4120,0.1274,0.0717,0.822,-0.728,산림
2449,100,43.043,10.334,10,0.1225,0.1778,0.1729,0.2647,0.2587,0.2344,0.210,-0.197,나지
2450,73,27.115,25.277,14,0.0662,0.1031,0.0926,0.2973,0.2781,0.1789,0.525,-0.485,시가지
2451,54,18.934,15.510,7,0.0887,0.1037,0.1108,0.2351,0.2399,0.1992,0.359,-0.388,농경지
2452,59,19.075,2.237,1,0.0456,0.0797,0.0573,0.2517,0.2955,0.1435,0.629,-0.519,농경지
2453,94,37.556,28.165,15,0.1263,0.1188,0.1406,0.2792,0.2526,0.2229,0.330,-0.403,나지
2454,15,52.003,12.654,11,0.0249,0.0497,0.0237,0.3972,0.1501,0.0423,0.887,-0.778,산림
2455,88,52.873,28.448,17,0.0721,0.0510,0.0306,0.0296,0.0039,0.0181,-0.017,0.266,수계
2456,2,32.056,15.803,9,0.0377,0.0536,0.0332,0.3244,0.2198,0.0726,0.814,-0.716,산림
2457,78,23.154,25.012,14,0.0682,0.0994,0.1007,0.1610,0.2439,0.1890,0.231,-0.236,시가지
2458,23,57.555,27.618,17,0.0342,0.0383,0.0242,0.2505,0.1859,0.0670,0.824,-0.735,산림
2459,59,19.467,2.511,1,0.0506,0.0874,0.0493,0.2415,0.2704,0.1459,0.661,-0.468,농경지
2460,78,23.407,24.993,14,0.0772,0.1198,0.1140,0.1489,0.2448,0.2103,0.133,-0.109,시가지
2461,38,29.231,22.355,14,0.0460,0.0726,0.0492,0.2168,0.2693,0.1800,0.630,-0.498,농경지
2462,1,32.372,9.458,3,0.0291,0.0457,0.0233,0.3398,0.1228,0.0582,0.871,-0.763,산림
2463,93,46.115,29.580,16,0.1018,0.1942,0.1378,0.2938,0.3140,0.2146,0.361,-0.204,나지
2464,74,16.769,20.076,13,0.1127,0.1276,0.1258,0.2763,0.3248,0.2216,0.374,-0.368,시가지
2465,13,59.238,34.630,23,0.0244,0.0610,0.0355,0.2085,0.1614,0.0668,0.709,-0.547,산림
2466,32,40.758,17.771,10,0.0310,0.0506,0.0335,0.4128,0.2155,0.0803,0.850,-0.782,산림
2467,21,33.462,34.222,21,0.0355,0.0746,0.0172,0.3360,0.2153,0.0861,0.903,-0.637,산림
2468,64,36.989,20.273,15,0.0324,0.0751,0.0653,0.3018,0.2623,0.1580,0.644,-0.601,농경지
2469,78,23.723,24.614,14,0.0878,0.1161,0.0902,0.1666,0.2164,0.1847,0.297,-0.179,시가지
2470,98,36.164,28.053,15,0.1157,0.1809,0.1257,0.2627,0.2831,0.2662,0.353,-0.184,나지
2471,5,34.508,28.746,15,0.0371,0.0779,0.0356,0.3634,0.1550,0.0766,0.822,-0.647,산림
2472,100,43.411,10.298,10,0.1188,0.1633,0.1455,0.2607,0.2586,0.2549,0.284,-0.230,나지
2473,100,43.574,9.547,4,0.1219,0.1727,0.1598,0.2425,0.2347,0.2762,0.206,-0.168,나지
2474,93,46.239,28.962,16,0.1108,0.1555,0.1339,0.2508,0.3675,0.1966,0.304,-0.235,나지
2475,78,23.194,24.751,14,0.0755,0.1142,0.1184,0.1626,0.2454,0.2133,0.157,-0.175,시가지
2476,79,19.075,16.995,7,0.1234,0.1328,0.0964,0.1451,0.3096,0.1704,0.202,-0.044,시가지
2477,49,32.694,12.663,9,0.0878,0.1225,0.1016,0.2484,0.2604,0.2109,0.419,-0.339,농경지
2478,45,27.838,29.611,14,0.0750,0.1260,0.1179,0.2818,0.3132,0.1549,0.410,-0.382,농경지
2479,31,52.126,32.514,23,0.0222,0.0581,0.0265,0.3210,0.1608,0.0648,0.847,-0.694,산림
2480,84,21.127,20.060,14,0.0511,0.0617,0.0269,0.0259,0.0141,0.0010,-0.019,0.409,수계
2481,24,57.421,26.282,17,0.0286,0.0655,0.0363,0.3041,0.1317,0.0482,0.787,-0.646,산림
2482,93,46.179,29.302,16,0.1026,0.1657,0.1546,0.2863,0.3198,0.2321,0.299,-0.267,나지
2483,36,23.339,38.321,20,0.0419,0.0792,0.0837,0.2995,0.2327,0.1028,0.563,-0.582,농경지
2484,90,34.525,30.848,21,0.0602,0.0459,0.0169,0.0239,0.0138,0.0122,0.170,0.316,수계
2485,52,22.607,15.180,8,0.0649,0.0929,0.0560,0.2952,0.1652,0.1049,0.681,-0.521,농경지
2486,16,57.335,14.786,11,0.0336,0.0515,0.0224,0.4102,0.1493,0.0526,0.896,-0.777,산림
2487,66,21.944,14.261,8,0.0857,0.0978,0.1023,0.1648,0.2848,0.2033,0.234,-0.255,시가지
2488,79,19.651,16.170,7,0.1043,0.1262,0.0894,0.1491,0.2915,0.1789,0.250,-0.083,시가지
2489,37,25.267,11.508,8,0.0407,0.0780,0.0599,0.2202,0.2697,0.1485,0.572,-0.477,농경지
2490,17,59.489,19.537,11,0.0259,0.0612,0.0300,0.4068,0.1761,0.0671,0.863,-0.739,산림
2491,50,22.613,25.313,14,0.0571,0.0876,0.0814,0.2510,0.1381,0.1199,0.510,-0.483,농경지
2492,64,37.194,20.200,15,0.0418,0.0910,0.0579,0.2826,0.2768,0.1380,0.660,-0.513,농경지
2493,47,12.834,20.541,13,0.0762,0.1107,0.1221,0.2407,0.2490,0.2124,0.327,-0.370,농경지
2494,27,31.655,24.854,15,0.0271,0.0518,0.0213,0.4050,0.2011,0.0484,0.900,-0.773,산림
2495,41,37.702,9.317,3,0.0735,0.1144,0.1169,0.2793,0.2355,0.1929,0.410,-0.419,농경지
2496,63,25.099,5.546,2,0.0609,0.0717,0.0456,0.2802,0.2169,0.0777,0.720,-0.593,농경지
2497,53,13.674,32.440,19,0.0542,0.0960,0.0608,0.2647,0.2161,0.1199,0.626,-0.468,농경지
2498,45,27.876,29.451,14,0.0872,0.1210,0.1202,0.2748,0.3094,0.1753,0.392,-0.389,농경지
2499,87,10.664,3.216,1,0.0612,0.0536,0.0247,0.0104,0.0082,0.0067,-0.407,0.674,수계
2500,21,33.791,34.689,21,0.0293,0.0601,0.0313,0.3054,0.2002,0.0965,0.814,-0.671,산림
2501,58,18.918,1.047,1,0.0436,0.1015,0.0713,0.3113,0.2155,0.1161,0.627,-0.508,농경지
2502,58,19.260,1.231,1,0.0394,0.1026,0.0771,0.2342,0.2350,0.1270,0.505,-0.391,농경지
2503,42,38.556,30.086,21,0.0783,0.0910,0.0496,0.2501,0.2080,0.1186,0.669,-0.466,농경지
2504,73,26.924,25.737,14,0.0579,0.1001,0.0919,0.2897,0.2867,0.1777,0.519,-0.487,시가지
2505,3,47.158,9.440,4,0.0294,0.0476,0.0339,0.3060,0.1170,0.0665,0.801,-0.731,산림
2506,71,17.641,15.932,7,0.1216,0.1077,0.1135,0.1801,0.2137,0.1836,0.227,-0.252,시가지
2507,15,52.427,12.917,11,0.0316,0.0609,0.0371,0.3809,0.1948,0.0491,0.823,-0.724,산림
2508,73,26.915,25.491,14,0.0606,0.0958,0.1072,0.2763,0.2827,0.1955,0.441,-0.485,시가지
2509,89,41.591,28.323,16,0.0419,0.0427,0.0196,0.0196,0.0156,0.0086,0.000,0.371,수계
2510,64,36.994,20.315,15,0.0338,0.0839,0.0628,0.3003,0.3041,0.1482,0.654,-0.563,농경지
2511,87,10.262,2.899,1,0.0682,0.0496,0.0344,0.0237,0.0104,0.0104,-0.184,0.353,수계
2512,32,40.761,17.710,10,0.0255,0.0303,0.0345,0.3851,0.2075,0.0789,0.836,-0.854,산림
2513,67,26.098,15.453,8,0.1049,0.0948,0.1306,0.2199,0.2121,0.2021,0.255,-0.398,시가지
2514,82,6.657,30.461,18,0.0538,0.0594,0.0287,0.0282,0.0076,0.0061,-0.009,0.357,수계
2515,1,32.501,9.070,3,0.0386,0.0443,0.0286,0.3099,0.1076,0.0689,0.831,-0.750,산림
2516,11,49.437,3.105,4,0.0220,0.0322,0.0352,0.3330,0.1729,0.0693,0.809,-0.824,산림
2517,92,35.870,15.749,9,0.0572,0.0503,0.0296,0.0169,0.0086,0.0079,-0.272,0.496,수계
2518,93,46.596,29.215,16,0.0967,0.1996,0.1367,0.3233,0.3152,0.2264,0.406,-0.237,나지
2519,5,34.235,28.872,15,0.0305,0.0731,0.0309,0.3460,0.1209,0.0825,0.836,-0.651,산림
2520,66,21.557,13.773,8,0.0755,0.0929,0.1290,0.1667,0.2786,0.1654,0.128,-0.284,시가지
2521,81,49.009,2.188,4,0.0454,0.0406,0.0399,0.0235,0.0096,0.0013,-0.259,0.267,수계
2522,68,25.157,29.494,14,0.0947,0.0893,0.1118,0.2410,0.1858,0.2497,0.366,-0.459,시가지
2523,13,58.905,34.480,23,0.0287,0.0589,0.0299,0.2041,0.1734,0.0754,0.745,-0.552,산림
2524,32,40.302,17.657,10,0.0324,0.0389,0.0349,0.3869,0.2165,0.0884,0.834,-0.817,산림
2525,3,47.352,10.150,10,0.0340,0.0463,0.0292,0.2989,0.1128,0.0627,0.822,-0.732,산림
2526,31,52.233,32.720,23,0.0309,0.0610,0.0278,0.2849,0.1587,0.0668,0.822,-0.647,산림
2527,18,33.244,16.983,9,0.0249,0.0505,0.0346,0.2818,0.1366,0.0660,0.781,-0.696,산림
2528,34,30.566,10.173,9,0.0254,0.0517,0.0246,0.4144,0.1613,0.0797,0.888,-0.778,산림
2529,42,38.546,29.690,15,0.0744,0.0995,0.0634,0.2520,0.2135,0.1155,0.598,-0.434,농경지
2530,20,42.970,26.115,16,0.0160,0.0401,0.0310,0.2257,0.1593,0.0611,0.759,-0.698,산림
2531,20,43.012,26.346,16,0.0291,0.0483,0.0282,0.2578,0.1869,0.0614,0.803,-0.684,산림
2532,45,27.567,29.952,14,0.0788,0.0937,0.1214,0.2430,0.3171,0.1660,0.334,-0.443,농경지
2533,89,41.727,28.225,16,0.0368,0.0442,0.0260,0.0158,0.0176,0.0031,-0.242,0.473,수계
2534,25,37.588,4.594,3,0.0195,0.0417,0.0191,0.3028,0.1603,0.0534,0.882,-0.758,산림
2535,91,54.580,2.482,5,0.0633,0.0472,0.0266,0.0157,0.0157,0.0107,-0.258,0.501,수계
2536,49,32.686,12.864,9,0.0750,0.1230,0.1058,0.2310,0.2718,0.2067,0.372,-0.305,농경지
2537,16,57.232,14.764,11,0.0342,0.0546,0.0310,0.3260,0.1621,0.0500,0.826,-0.713,산림
2538,35,33.939,1.031,3,0.0607,0.0953,0.0671,0.2473,0.3044,0.1203,0.573,-0.444,농경지
2539,53,13.453,32.176,19,0.0682,0.0897,0.0592,0.2879,0.2477,0.1183,0.659,-0.525,농경지
2540,73,26.842,25.735,14,0.0657,0.0945,0.1021,0.3139,0.2684,0.1812,0.509,-0.537,시가지
2541,95,30.499,20.402,15,0.1065,0.1060,0.1405,0.1895,0.2790,0.2772,0.149,-0.283,나지
2542,76,24.539,22.214,14,0.1174,0.1022,0.0792,0.1990,0.2894,0.2544,0.431,-0.321,시가지
2543,90,34.716,30.584,21,0.0545,0.0411,0.0335,0.0236,0.0116,0.0015,-0.174,0.271,수계
2544,72,23.350,12.399,8,0.0971,0.0852,0.1211,0.1798,0.2972,0.1913,0.195,-0.357,시가지
2545,15,52.317,12.878,11,0.0285,0.0574,0.0303,0.3915,0.1687,0.0480,0.856,-0.744,산림
2546,99,32.695,37.748,21,0.0879,0.1603,0.1703,0.2927,0.2558,0.2815,0.264,-0.292,나지
2547,63,25.445,5.736,2,0.0705,0.0638,0.0549,0.3341,0.1971,0.0894,0.718,-0.679,농경지
2548,13,59.589,34.808,23,0.0380,0.0636,0.0307,0.2210,0.1721,0.0613,0.756,-0.553,산림
2549,12,31.998,4.587,3,0.0263,0.0419,0.0290,0.2993,0.1540,0.0877,0.823,-0.755,산림
2550,33,32.857,10.358,9,0.0400,0.0488,0.0230,0.3380,0.1277,0.0505,0.873,-0.748,산림
2551,1,32.594,9.492,3,0.0400,0.0419,0.0272,0.3409,0.1171,0.0747,0.852,-0.781,산림
2552,20,42.908,26.141,16,0.0229,0.0503,0.0184,0.2209,0.1682,0.0605,0.846,-0.629,산림
2553,27,31.605,24.966,15,0.0288,0.0544,0.0286,0.3569,0.2272,0.0521,0.852,-0.736,산림
2554,69,23.412,24.721,14,0.0978,0.0935,0.1153,0.1751,0.1900,0.1977,0.206,-0.304,시가지
2555,7,36.028,36.649,21,0.0147,0.0612,0.0369,0.2951,0.1589,0.0666,0.778,-0.657,산림
2556,11,49.794,3.106,4,0.0253,0.0271,0.0307,0.3127,0.1789,0.0740,0.821,-0.841,산림
2557,21,34.027,34.282,21,0.0365,0.0615,0.0267,0.3289,0.2383,0.0878,0.850,-0.685,산림
2558,51,22.072,0.316,2,0.0293,0.0826,0.0946,0.2829,0.1783,0.1388,0.499,-0.548,농경지
2559,29,33.813,4.969,3,0.0303,0.0402,0.0204,0.2165,0.1358,0.0704,0.828,-0.687,산림
2560,92,35.701,15.830,9,0.0497,0.0453,0.0383,0.0196,0.0140,0.0077,-0.324,0.396,수계
2561,58,19.423,1.296,1,0.0432,0.1019,0.0651,0.2532,0.2303,0.1161,0.591,-0.426,농경지
2562,79,19.423,16.892,7,0.0936,0.1306,0.1150,0.1303,0.2876,0.2027,0.062,0.001,시가지
2563,2,32.488,15.351,9,0.0376,0.0458,0.0309,0.3411,0.2123,0.0659,0.834,-0.763,산림
2564,18,33.013,17.638,9,0.0332,0.0612,0.0407,0.2822,0.1350,0.0697,0.748,-0.644,산림
2565,7,36.148,36.854,21,0.0105,0.0499,0.0414,0.2782,0.1665,0.0534,0.741,-0.696,산림
2566,13,59.215,34.948,23,0.0241,0.0570,0.0328,0.2234,0.1795,0.0694,0.744,-0.594,산림
2567,60,14.691,34.770,19,0.0521,0.1142,0.0761,0.2427,0.2050,0.0876,0.523,-0.360,농경지
2568,58,19.194,1.255,1,0.0379,0.0990,0.0731,0.2932,0.2513,0.1316,0.601,-0.495,농경지
2569,33,33.167,10.540,9,0.0315,0.0567,0.0293,0.3428,0.1388,0.0602,0.842,-0.716,산림
2570,64,36.882,20.623,15,0.0284,0.1012,0.0601,0.3080,0.2676,0.1754,0.674,-0.506,농경지
2571,64,36.612,20.325,15,0.0348,0.0927,0.0636,0.2736,0.2754,0.1933,0.623,-0.494,농경지
2572,28,34.398,17.300,9,0.0338,0.0577,0.0327,0.2196,0.2211,0.0506,0.741,-0.584,산림
2573,98,36.211,27.408,15,0.1123,0.1652,0.1700,0.3082,0.2826,0.2432,0.289,-0.302,나지
2574,47,13.342,20.452,13,0.0744,0.1115,0.1273,0.2785,0.2476,0.1875,0.372,-0.428,농경지
2575,17,59.046,19.719,11,0.0260,0.0547,0.0342,0.3743,0.1561,0.0632,0.833,-0.745,산림
2576,44,18.128,22.547,13,0.0459,0.0693,0.0903,0.3416,0.2334,0.1225,0.582,-0.663,농경지
2577,63,25.260,6.105,2,0.0568,0.0801,0.0506,0.2977,0.1913,0.0844,0.710,-0.576,농경지
2578,68,25.570,29.366,14,0.1014,0.0885,0.1139,0.2303,0.2039,0.2522,0.338,-0.445,시가지
2579,80,32.394,26.188,15,0.1364,0.1109,0.1113,0.2377,0.2786,0.2507,0.362,-0.364,시가지
2580,7,36.698,36.453,21,0.0227,0.0432,0.0339,0.3112,0.1785,0.0562,0.804,-0.756,산림
2581,84,21.257,19.335,8,0.0727,0.0486,0.0289,0.0165,0.0086,0.0051,-0.273,0.493,수계
2582,82,6.484,30.454,18,0.0458,0.0670,0.0189,0.0215,0.0149,0.0051,0.066,0.514,수계
2583,78,23.335,24.809,14,0.0661,0.1157,0.0978,0.1745,0.2416,0.1955,0.282,-0.202,시가지
2584,81,49.248,1.680,4,0.0478,0.0442,0.0401,0.0311,0.0114,0.0043,-0.127,0.174,수계
2585,37,24.861,11.287,8,0.0338,0.0784,0.0635,0.2234,0.2490,0.1406,0.558,-0.480,농경지
2586,31,52.303,32.222,23,0.0251,0.0536,0.0226,0.2978,0.1478,0.0647,0.859,-0.695,산림
2587,11,49.619,3.044,4,0.0362,0.0294,0.0273,0.3069,0.2023,0.0739,0.837,-0.825,산림
2588,2,32.178,16.428,9,0.0340,0.0513,0.0317,0.3477,0.1763,0.0728,0.833,-0.743,산림
2589,27,31.529,24.565,15,0.0227,0.0496,0.0267,0.3876,0.2307,0.0568,0.871,-0.773,산림
2590,79,19.525,16.808,7,0.1223,0.1340,0.1034,0.1369,0.2701,0.1852,0.139,-0.011,시가지
2591,24,57.655,26.633,17,0.0357,0.0723,0.0347,0.3468,0.1468,0.0470,0.818,-0.655,산림
2592,95,30.560,20.335,15,0.1033,0.1222,0.1341,0.1900,0.2660,0.2135,0.172,-0.217,나지
2593,28,34.125,17.200,9,0.0452,0.0731,0.0287,0.2576,0.1961,0.0583,0.800,-0.558,산림
2594,4,34.038,1.201,3,0.0304,0.0534,0.0446,0.4018,0.1586,0.0714,0.800,-0.765,산림
2595,18,32.730,17.485,9,0.0292,0.0647,0.0346,0.3314,0.1338,0.0703,0.811,-0.673,산림
2596,96,27.797,30.699,20,0.1342,0.1172,0.1436,0.2106,0.2841,0.1997,0.189,-0.285,나지
2597,30,32.373,22.965,15,0.0238,0.0608,0.0292,0.3826,0.1316,0.0656,0.858,-0.726,산림
2598,30,32.214,23.126,15,0.0258,0.0564,0.0295,0.3399,0.1399,0.0630,0.840,-0.715,산림
2599,45,27.204,29.995,14,0.0952,0.0929,0.1163,0.2778,0.2925,0.1620,0.410,-0.499,농경지
2600,98,36.048,27.645,15,0.1280,0.1612,0.1475,0.2467,0.3113,0.2355,0.252,-0.210,나지
2601,2,31.871,16.066,9,0.0458,0.0502,0.0318,0.3510,0.2120,0.0687,0.834,-0.750,산림
2602,12,31.438,4.819,3,0.0239,0.0516,0.0305,0.3056,0.1680,0.0867,0.818,-0.711,산림
2603,68,25.617,29.686,14,0.1201,0.0958,0.1243,0.2478,0.1933,0.2217,0.332,-0.442,시가지
2604,9,54.182,7.602,5,0.0261,0.0416,0.0312,0.2945,0.1546,0.0715,0.809,-0.752,산림
2605,30,32.201,23.260,15,0.0242,0.0550,0.0323,0.4101,0.1250,0.0823,0.854,-0.763,산림
2606,102,6.247,3.697,0,0.0713,0.0593,0.0794,0.0854,0.0976,0.0532,0.036,-0.180,갯벌
2607,15,52.217,12.636,11,0.0313,0.0623,0.0299,0.4087,0.1472,0.0521,0.864,-0.735,산림
2608,27,31.753,24.729,15,0.0327,0.0590,0.0306,0.3936,0.2073,0.0526,0.856,-0.739,산림
2609,14,41.962,39.535,22,0.0196,0.0415,0.0467,0.2558,0.1802,0.0701,0.691,-0.721,산림
2610,101,2.782,37.693,18,0.0956,0.1036,0.0675,0.0934,0.0667,0.0559,0.161,0.052,갯벌
2611,38,28.960,23.027,14,0.0512,0.0792,0.0549,0.2137,0.2380,0.1695,0.591,-0.459,농경지
2612,48,37.158,24.529,15,0.0742,0.0875,0.0989,0.2622,0.2618,0.1889,0.452,-0.499,농경지
2613,89,42.310,27.839,16,0.0379,0.0485,0.0179,0.0180,0.0168,0.0053,0.005,0.458,수계
2614,28,34.421,16.534,9,0.0390,0.0639,0.0234,0.2424,0.1985,0.0456,0.824,-0.583,산림
2615,102,5.984,3.464,0,0.0745,0.0671,0.0779,0.0804,0.1175,0.0490,0.015,-0.090,갯벌
2616,40,20.164,35.057,20,0.0885,0.1124,0.1240,0.2477,0.2608,0.1668,0.333,-0.376,농경지
2617,35,34.106,1.146,3,0.0603,0.1007,0.0553,0.3034,0.3037,0.1381,0.692,-0.501,농경지
2618,15,52.036,12.495,11,0.0205,0.0585,0.0264,0.3680,0.1513,0.0469,0.866,-0.726,산림
2619,46,24.969,9.531,2,0.0652,0.0798,0.0526,0.2784,0.1962,0.1336,0.682,-0.554,농경지
2620,40,20.342,35.801,20,0.0752,0.1083,0.1176,0.2531,0.2801,0.1502,0.366,-0.401,농경지
2621,68,25.406,29.344,14,0.1226,0.0887,0.1087,0.2277,0.1875,0.2521,0.354,-0.439,시가지
2622,72,23.735,12.188,8,0.1034,0.0851,0.1456,0.2414,0.2529,0.2321,0.248,-0.479,시가지
2623,2,32.029,15.807,9,0.0374,0.0426,0.0318,0.3259,0.2183,0.0674,0.822,-0.769,산림
2624,61,33.738,32.963,21,0.0694,0.0698,0.0782,0.2242,0.2605,0.1110,0.483,-0.525,농경지
2625,104,6.490,17.740,6,0.0533,0.0717,0.0643,0.1507,0.0812,0.0497,0.402,-0.355,갯벌
2626,15,51.946,12.760,11,0.0335,0.0543,0.0337,0.3680,0.1505,0.0469,0.832,-0.743,산림
2627,39,17.636,33.688,19,0.0420,0.0855,0.0762,0.2723,0.2403,0.0859,0.563,-0.522,농경지
2628,31,52.590,32.344,23,0.0293,0.0599,0.0334,0.3008,0.1558,0.0592,0.800,-0.668,산림
2629,65,25.376,19.403,8,0.0801,0.0992,0.1324,0.2730,0.2124,0.2037,0.347,-0.467,시가지
2630,21,33.763,34.134,21,0.0286,0.0532,0.0346,0.3478,0.1830,0.0885,0.819,-0.735,산림
2631,24,57.982,25.983,17,0.0274,0.0724,0.0306,0.2929,0.1424,0.0527,0.811,-0.604,산림
2632,88,52.818,28.283,17,0.0731,0.0512,0.0358,0.0320,0.0044,0.0052,-0.056,0.231,수계
2633,36,23.314,37.479,20,0.0393,0.0686,0.0836,0.2961,0.2322,0.0739,0.559,-0.624,농경지
2634,81,48.584,1.503,4,0.0510,0.0342,0.0394,0.0134,0.0093,0.0140,-0.492,0.437,수계
2635,82,6.618,30.287,18,0.0484,0.0573,0.0296,0.0249,0.0081,0.0054,-0.086,0.394,수계
2636,80,32.479,26.160,15,0.1379,0.1081,0.1058,0.2198,0.2610,0.2240,0.350,-0.341,시가지
2637,72,23.655,12.609,8,0.1029,0.0888,0.1396,0.1743,0.2927,0.1777,0.111,-0.325,시가지
2638,28,34.785,16.800,9,0.0379,0.0700,0.0301,0.2493,0.1920,0.0537,0.785,-0.561,산림
2639,39,17.698,33.812,19,0.0431,0.0867,0.0761,0.2790,0.2154,0.1039,0.571,-0.526,농경지
2640,16,57.125,14.677,11,0.0313,0.0532,0.0253,0.4407,0.1808,0.0623,0.891,-0.785,산림
2641,47,13.144,20.202,13,0.0911,0.0965,0.1323,0.2382,0.2311,0.2035,0.286,-0.423,농경지
2642,96,27.783,30.646,20,0.1444,0.1020,0.1476,0.2338,0.3270,0.1975,0.226,-0.392,나지
2643,37,24.641,11.132,8,0.0316,0.0718,0.0695,0.2320,0.2543,0.1324,0.539,-0.527,농경지
2644,11,49.526,3.557,4,0.0318,0.0308,0.0319,0.3266,0.1902,0.0683,0.822,-0.828,산림
2645,92,35.922,15.963,9,0.0511,0.0470,0.0289,0.0118,0.0171,0.0034,-0.420,0.598,수계
2646,18,32.663,17.435,9,0.0345,0.0701,0.0364,0.2796,0.1268,0.0600,0.770,-0.599,산림
2647,70,25.489,23.669,14,0.0746,0.0967,0.1236,0.1600,0.2433,0.2634,0.128,-0.246,시가지
2648,70,25.974,24.017,14,0.0839,0.1013,0.1219,0.1742,0.2611,0.2384,0.177,-0.265,시가지
2649,2,32.034,15.883,9,0.0388,0.0418,0.0231,0.3415,0.1866,0.0795,0.873,-0.782,산림
2650,104,6.292,18.440,6,0.0489,0.0714,0.0894,0.1623,0.0923,0.0627,0.290,-0.389,갯벌
2651,90,35.032,30.708,21,0.0564,0.0531,0.0238,0.0284,0.0085,0.0104,0.087,0.303,수계
2652,44,18.225,22.546,13,0.0395,0.0679,0.0801,0.3193,0.2391,0.1122,0.599,-0.649,농경지
2653,48,37.300,25.105,15,0.0746,0.0967,0.0942,0.2871,0.2629,0.2028,0.506,-0.496,농경지
2654,97,19.120,21.291,13,0.1138,0.1257,0.1589,0.2218,0.2760,0.2927,0.165,-0.276,나지
2655,63,24.535,5.497,2,0.0567,0.0801,0.0500,0.2990,0.2042,0.0918,0.713,-0.577,농경지
2656,82,7.159,30.168,18,0.0587,0.0685,0.0210,0.0182,0.0115,0.0100,-0.072,0.581,수계
2657,90,34.901,30.752,21,0.0643,0.0489,0.0279,0.0236,0.0110,0.0088,-0.084,0.350,수계
2658,19,32.847,1.869,3,0.0324,0.0562,0.0242,0.4849,0.0977,0.0581,0.905,-0.792,산림
2659,44,18.481,22.488,13,0.0411,0.0677,0.0689,0.2950,0.2464,0.1039,0.621,-0.627,농경지
2660,71,17.311,15.952,7,0.1185,0.1211,0.1321,0.1609,0.1985,0.1952,0.098,-0.141,시가지
2661,98,36.448,27.584,15,0.1190,0.1810,0.1448,0.2379,0.2754,0.2337,0.243,-0.136,나지
2662,63,25.035,5.694,2,0.0607,0.0840,0.0442,0.3322,0.1958,0.0809,0.765,-0.596,농경지
2663,56,40.539,35.066,22,0.0562,0.0968,0.0530,0.2185,0.2593,0.1429,0.609,-0.386,농경지
2664,89,42.146,28.131,16,0.0512,0.0438,0.0268,0.0251,0.0199,0.0121,-0.032,0.271,수계
2665,35,34.103,1.008,3,0.0452,0.0978,0.0543,0.2500,0.3286,0.1259,0.643,-0.438,농경지
2666,59,18.969,2.296,1,0.0604,0.0841,0.0447,0.2653,0.2943,0.1275,0.711,-0.518,농경지
2667,23,57.705,27.524,17,0.0272,0.0589,0.0337,0.2689,0.1878,0.0676,0.777,-0.641,산림
2668,31,52.341,32.634,23,0.0301,0.0587,0.0300,0.3265,0.1376,0.0739,0.832,-0.695,산림
2669,60,14.540,34.874,19,0.0489,0.1168,0.0782,0.2853,0.2287,0.0989,0.569,-0.419,농경지
2670,91,54.324,2.429,5,0.0528,0.0512,0.0271,0.0260,0.0090,0.0083,-0.022,0.326,수계
2671,43,44.331,8.968,4,0.0546,0.0730,0.0522,0.2948,0.2522,0.1279,0.699,-0.603,농경지
2672,83,12.600,4.831,1,0.0799,0.0433,0.0292,0.0169,0.0095,0.0055,-0.267,0.439,수계
2673,86,21.821,38.037,20,0.0669,0.0569,0.0219,0.0187,0.0134,0.0134,-0.077,0.504,수계
2674,61,33.587,32.742,21,0.0697,0.0743,0.0769,0.2288,0.2429,0.1300,0.497,-0.510,농경지
2675,104,6.736,18.067,6,0.0542,0.0710,0.0632,0.1507,0.0780,0.0554,0.409,-0.359,갯벌
2676,39,17.335,33.635,19,0.0483,0.0832,0.0789,0.2635,0.2286,0.1008,0.539,-0.520,농경지
2677,86,21.701,38.780,20,0.0713,0.0450,0.0166,0.0211,0.0137,0.0115,0.119,0.363,수계
2678,97,18.669,21.527,13,0.1059,0.1319,0.1596,0.2306,0.3000,0.2684,0.182,-0.272,나지
2679,81,48.927,1.474,4,0.0608,0.0380,0.0377,0.0308,0.0138,0.0102,-0.101,0.106,수계
2680,15,52.302,12.892,11,0.0345,0.0537,0.0356,0.3831,0.1764,0.0521,0.830,-0.754,산림
2681,83,12.526,4.553,1,0.0724,0.0442,0.0319,0.0136,0.0101,0.0045,-0.402,0.529,수계
2682,23,57.630,27.806,17,0.0262,0.0390,0.0246,0.2614,0.1935,0.0545,0.828,-0.741,산림
2683,61,33.102,32.937,21,0.0756,0.0764,0.0806,0.2288,0.2519,0.1187,0.479,-0.499,농경지
2684,100,43.105,10.032,10,0.1279,0.1816,0.1631,0.2192,0.2765,0.2382,0.147,-0.094,나지
2685,95,30.515,19.935,9,0.1068,0.1271,0.1424,0.2006,0.2462,0.2449,0.170,-0.224,나지
2686,58,19.596,1.442,1,0.0436,0.1007,0.0576,0.2540,0.2485,0.1131,0.630,-0.432,농경지
2687,94,37.092,27.948,15,0.1459,0.1003,0.1312,0.2637,0.3031,0.2048,0.335,-0.449,나지
2688,95,31.021,19.889,9,0.1280,0.1207,0.1323,0.1899,0.2388,0.2516,0.179,-0.223,나지
2689,16,56.705,14.559,11,0.0387,0.0576,0.0293,0.3889,0.1567,0.0457,0.860,-0.742,산림
2690,9,54.481,7.512,5,0.0326,0.0381,0.0255,0.2641,0.1883,0.0717,0.824,-0.748,산림
2691,14,42.123,39.217,22,0.0140,0.0440,0.0350,0.2920,0.1448,0.0912,0.786,-0.738,산림
2692,60,14.202,34.138,19,0.0469,0.1130,0.1017,0.2474,0.1881,0.0848,0.417,-0.373,농경지
2693,32,40.777,17.652,10,0.0250,0.0479,0.0455,0.3946,0.2063,0.0929,0.793,-0.783,산림
2694,86,21.693,38.031,20,0.0633,0.0498,0.0277,0.0237,0.0113,0.0111,-0.078,0.355,수계
2695,79,19.699,16.422,7,0.1087,0.1253,0.1055,0.1442,0.2889,0.1825,0.155,-0.070,시가지
2696,36,23.263,37.318,20,0.0451,0.0795,0.0870,0.3224,0.2183,0.0887,0.575,-0.604,농경지
2697,86,21.747,38.320,20,0.0771,0.0511,0.0160,0.0224,0.0159,0.0128,0.168,0.390,수계
2698,88,53.003,28.304,17,0.0762,0.0494,0.0277,0.0297,0.0136,0.0047,0.036,0.248,수계
2699,30,32.952,23.319,15,0.0282,0.0534,0.0380,0.3852,0.1379,0.0586,0.821,-0.756,산림
2700,63,24.492,5.520,2,0.0559,0.0741,0.0423,0.3480,0.2390,0.1000,0.783,-0.649,농경지
2701,95,30.643,20.321,15,0.0953,0.1216,0.1379,0.1944,0.2379,0.2359,0.170,-0.230,나지
2702,83,12.720,5.060,1,0.0699,0.0433,0.0269,0.0194,0.0132,0.0076,-0.162,0.382,수계
2703,88,52.611,28.211,17,0.0768,0.0593,0.0406,0.0373,0.0062,0.0064,-0.043,0.228,수계
2704,73,26.918,25.973,14,0.0678,0.1057,0.1095,0.3170,0.3064,0.1730,0.486,-0.500,시가지
2705,19,32.789,1.855,3,0.0332,0.0620,0.0278,0.4821,0.1213,0.0615,0.891,-0.772,산림
2706,62,30.154,19.525,9,0.0434,0.0942,0.0498,0.2223,0.2087,0.1067,0.634,-0.405,농경지
2707,82,6.749,30.216,18,0.0497,0.0636,0.0241,0.0213,0.0133,0.0096,-0.062,0.499,수계
2708,104,6.971,17.779,6,0.0571,0.0804,0.0899,0.1539,0.0752,0.0627,0.262,-0.314,갯벌
2709,20,43.071,26.165,16,0.0166,0.0434,0.0245,0.2351,0.2217,0.0513,0.811,-0.688,산림
2710,62,29.940,18.605,8,0.0483,0.0865,0.0550,0.2056,0.2220,0.1071,0.578,-0.408,농경지
2711,70,25.873,23.625,14,0.0827,0.1180,0.1156,0.1763,0.2786,0.2521,0.208,-0.198,시가지
2712,53,13.816,31.805,19,0.0446,0.0847,0.0563,0.2291,0.2551,0.1186,0.606,-0.460,농경지
2713,9,54.580,7.847,5,0.0247,0.0322,0.0206,0.2866,0.1713,0.0650,0.866,-0.798,산림
2714,39,17.611,33.663,19,0.0478,0.0867,0.0742,0.2551,0.2205,0.1096,0.549,-0.493,농경지
2715,69,23.135,24.800,14,0.1022,0.1306,0.1070,0.2036,0.1938,0.2184,0.311,-0.219,시가지
2716,98,35.959,27.675,15,0.1094,0.1714,0.1236,0.2771,0.3155,0.2584,0.383,-0.236,나지
2717,93,45.892,29.183,16,0.1143,0.2053,0.1584,0.2399,0.3679,0.2185,0.205,-0.078,나지
2718,53,13.994,32.034,19,0.0588,0.0808,0.0619,0.2707,0.2223,0.1164,0.628,-0.540,농경지
2719,7,36.920,36.209,21,0.0260,0.0516,0.0217,0.2870,0.1771,0.0567,0.859,-0.695,산림
2720,101,2.800,37.690,18,0.1052,0.0885,0.0744,0.0978,0.0676,0.0590,0.136,-0.050,갯벌
2721,68,25.734,29.425,14,0.1006,0.0904,0.1086,0.2404,0.1865,0.2599,0.378,-0.453,시가지
2722,92,35.897,16.201,9,0.0603,0.0492,0.0283,0.0169,0.0062,0.0087,-0.251,0.488,수계
2723,75,19.810,29.652,13,0.1047,0.0912,0.1554,0.1737,0.2251,0.1366,0.055,-0.311,시가지
2724,32,40.977,17.735,10,0.0273,0.0412,0.0444,0.4667,0.2363,0.0943,0.826,-0.838,산림
2725,30,33.165,22.900,15,0.0237,0.0684,0.0317,0.3681,0.1467,0.0654,0.841,-0.687,산림
2726,11,49.705,3.229,4,0.0350,0.0348,0.0351,0.3290,0.2075,0.0678,0.807,-0.809,산림
2727,30,32.041,23.295,15,0.0309,0.0545,0.0331,0.3785,0.1236,0.0576,0.839,-0.748,산림
2728,83,12.615,4.368,1,0.0755,0.0453,0.0278,0.0156,0.0139,0.0087,-0.280,0.486,수계
2729,83,12.617,4.572,1,0.0790,0.0552,0.0295,0.0255,0.0093,0.0077,-0.072,0.368,수계
2730,103,4.549,4.251,0,0.0623,0.0678,0.0575,0.1160,0.0751,0.0542,0.337,-0.262,갯벌
2731,40,19.911,35.710,19,0.0918,0.1031,0.0988,0.2402,0.2834,0.2000,0.417,-0.399,농경지
2732,81,49.166,1.645,4,0.0477,0.0376,0.0435,0.0217,0.0097,0.0028,-0.334,0.268,수계
2733,25,38.063,4.478,3,0.0376,0.0357,0.0230,0.2901,0.1771,0.0560,0.853,-0.781,산림
2734,66,21.653,13.871,8,0.0831,0.0908,0.0996,0.1710,0.3099,0.2182,0.264,-0.307,시가지
2735,52,22.024,14.832,8,0.0510,0.0782,0.0655,0.2976,0.1562,0.0995,0.639,-0.584,농경지
2736,41,37.236,8.986,3,0.0822,0.1033,0.1346,0.3022,0.2386,0.1892,0.384,-0.491,농경지
2737,18,33.346,17.362,9,0.0295,0.0671,0.0236,0.3090,0.1311,0.0798,0.858,-0.643,산림
2738,56,40.700,34.556,22,0.0556,0.0847,0.0622,0.2394,0.3134,0.1383,0.587,-0.477,농경지
2739,2,32.261,15.817,9,0.0363,0.0557,0.0339,0.3424,0.2012,0.0661,0.820,-0.720,산림
2740,37,25.138,11.127,8,0.0314,0.0795,0.0613,0.2270,0.2608,0.1430,0.575,-0.481,농경지
2741,11,49.953,2.768,4,0.0307,0.0239,0.0288,0.3123,0.1932,0.0710,0.831,-0.858,산림
2742,25,37.976,4.376,3,0.0297,0.0418,0.0221,0.3241,0.1571,0.0516,0.873,-0.772,산림
2743,28,34.404,17.261,9,0.0267,0.0595,0.0359,0.2417,0.1765,0.0477,0.741,-0.605,산림
2744,73,26.183,25.464,14,0.0623,0.0943,0.1062,0.2967,0.3132,0.2089,0.473,-0.518,시가지
2745,55,15.201,19.041,7,0.0484,0.0967,0.0474,0.2056,0.1911,0.1311,0.625,-0.360,농경지
2746,95,31.018,20.271,15,0.1160,0.1182,0.1566,0.2167,0.2554,0.2348,0.161,-0.294,나지
2747,22,44.429,30.595,22,0.0337,0.0432,0.0276,0.2395,0.1370,0.0626,0.793,-0.694,산림
2748,101,2.904,37.596,18,0.1085,0.0905,0.0751,0.0929,0.0700,0.0492,0.106,-0.013,갯벌
2749,68,25.814,29.740,14,0.1066,0.0850,0.1132,0.2414,0.1914,0.2663,0.362,-0.479,시가지
2750,47,13.578,19.923,7,0.0920,0.1005,0.1252,0.2551,0.2660,0.1909,0.342,-0.435,농경지
2751,100,43.293,9.921,4,0.1094,0.1562,0.1420,0.2542,0.2467,0.2330,0.283,-0.239,나지
2752,17,59.244,19.933,11,0.0270,0.0542,0.0371,0.4054,0.1594,0.0671,0.832,-0.764,산림
2753,39,17.473,33.466,19,0.0441,0.0920,0.0802,0.2817,0.2339,0.0904,0.557,-0.507,농경지
2754,47,13.122,20.813,13,0.1081,0.1198,0.1047,0.2373,0.2480,0.1885,0.388,-0.329,농경지
2755,16,56.897,14.830,11,0.0367,0.0548,0.0231,0.4529,0.1557,0.0485,0.903,-0.784,산림
2756,10,33.489,6.742,3,0.0366,0.0337,0.0321,0.2751,0.1919,0.0719,0.791,-0.782,산림
2757,53,13.517,32.436,19,0.0569,0.0748,0.0590,0.2576,0.2390,0.1020,0.627,-0.550,농경지
2758,1,32.746,9.166,3,0.0335,0.0490,0.0328,0.3191,0.1190,0.0768,0.813,-0.734,산림
2759,33,32.896,10.050,9,0.0266,0.0438,0.0300,0.3753,0.1308,0.0584,0.852,-0.791,산림
2760,103,4.447,4.478,0,0.0639,0.0829,0.0599,0.1068,0.0624,0.0418,0.282,-0.126,갯벌
2761,14,41.968,39.133,22,0.0177,0.0468,0.0352,0.3077,0.1820,0.0821,0.795,-0.736,산림
2762,89,42.256,28.259,16,0.0378,0.0500,0.0258,0.0163,0.0197,0.0010,-0.226,0.508,수계
2763,1,32.218,9.623,3,0.0265,0.0469,0.0229,0.2992,0.1266,0.0549,0.858,-0.729,산림
2764,2,32.010,16.169,9,0.0423,0.0519,0.0339,0.3656,0.2045,0.0656,0.830,-0.752,산림
2765,83,12.607,4.733,1,0.0810,0.0425,0.0314,0.0173,0.0073,0.0080,-0.290,0.422,수계
2766,79,19.828,16.826,7,0.1026,0.1244,0.0991,0.1341,0.2752,0.1810,0.150,-0.037,시가지
2767,25,37.749,4.542,3,0.0360,0.0332,0.0198,0.3379,0.1738,0.0706,0.889,-0.821,산림
2768,85,12.179,19.802,7,0.0873,0.0535,0.0266,0.0187,0.0164,0.0175,-0.174,0.481,수계
2769,71,17.416,15.685,7,0.1102,0.1243,0.1430,0.1537,0.2117,0.1990,0.036,-0.106,시가지
2770,57,31.832,5.728,3,0.0603,0.0752,0.0462,0.2913,0.1763,0.1376,0.726,-0.590,농경지
2771,68,25.463,29.421,14,0.1257,0.0938,0.1053,0.2328,0.2172,0.2692,0.377,-0.425,시가지
2772,88,53.014,28.712,17,0.0690,0.0641,0.0431,0.0317,0.0204,0.0143,-0.153,0.339,수계
2773,97,18.778,21.169,13,0.1164,0.1421,0.1602,0.2676,0.2659,0.3258,0.251,-0.306,나지
2774,6,32.301,20.551,15,0.0192,0.0691,0.0293,0.2942,0.1371,0.0667,0.819,-0.620,산림
2775,13,59.383,34.959,23,0.0265,0.0474,0.0321,0.2145,0.1708,0.0601,0.739,-0.638,산림
2776,21,33.796,34.035,21,0.0279,0.0536,0.0338,0.3308,0.1877,0.0851,0.815,-0.721,산림
2777,17,59.293,20.185,17,0.0210,0.0630,0.0252,0.3861,0.1897,0.0525,0.877,-0.720,산림
2778,1,32.446,9.139,3,0.0362,0.0436,0.0229,0.3218,0.1278,0.0689,0.867,-0.761,산림
2779,2,32.023,15.934,9,0.0534,0.0519,0.0387,0.3465,0.2038,0.0826,0.799,-0.739,산림
2780,2,32.317,16.020,9,0.0468,0.0651,0.0279,0.2956,0.2083,0.0696,0.828,-0.639,산림
2781,12,31.567,4.969,3,0.0376,0.0333,0.0279,0.2879,0.1461,0.0953,0.823,-0.793,산림
2782,66,21.709,14.307,8,0.0906,0.1015,0.1001,0.1712,0.2749,0.1981,0.262,-0.256,시가지
2783,17,59.602,19.983,11,0.0313,0.0497,0.0485,0.4166,0.1784,0.0669,0.792,-0.787,산림
2784,2,32.212,15.804,9,0.0399,0.0494,0.0291,0.3856,0.2088,0.0704,0.860,-0.773,산림
2785,104,6.418,18.167,6,0.0610,0.0782,0.0892,0.1431,0.0770,0.0439,0.232,-0.293,갯벌
2786,53,13.766,31.773,19,0.0543,0.0784,0.0597,0.2398,0.1953,0.1055,0.601,-0.507,농경지
2787,44,18.403,22.687,13,0.0468,0.0625,0.0683,0.3195,0.2656,0.1114,0.648,-0.673,농경지
2788,62,30.305,19.154,9,0.0658,0.0838,0.0623,0.2022,0.2310,0.0963,0.529,-0.414,농경지
2789,100,43.337,9.965,4,0.1352,0.1391,0.1426,0.2164,0.2522,0.2439,0.206,-0.217,나지
2790,66,22.018,14.003,8,0.0835,0.0971,0.1209,0.1628,0.2429,0.1909,0.148,-0.253,시가지
2791,1,32.499,9.437,3,0.0345,0.0511,0.0358,0.2796,0.1236,0.0716,0.773,-0.691,산림
2792,90,34.515,30.465,21,0.0585,0.0506,0.0292,0.0225,0.0112,0.0066,-0.128,0.384,수계
2793,66,21.774,13.984,8,0.0880,0.0984,0.1170,0.1381,0.2464,0.1709,0.083,-0.168,시가지
2794,42,38.776,29.797,15,0.0842,0.0874,0.0529,0.2798,0.2230,0.0987,0.682,-0.524,농경지
2795,83,12.643,4.653,1,0.0633,0.0359,0.0329,0.0124,0.0173,0.0033,-0.454,0.488,수계
2796,95,31.072,20.387,15,0.1178,0.1139,0.1343,0.2096,0.2503,0.2628,0.219,-0.296,나지
2797,77,16.077,24.299,13,0.1198,0.1068,0.1604,0.2684,0.3130,0.3083,0.252,-0.431,시가지
2798,4,33.710,1.446,3,0.0333,0.0469,0.0427,0.4400,0.1361,0.0528,0.823,-0.807,산림
2799,59,19.652,2.092,1,0.0434,0.0854,0.0568,0.3039,0.3262,0.1284,0.685,-0.561,농경지
2800,102,6.301,3.310,0,0.0685,0.0781,0.0783,0.0830,0.1008,0.0519,0.030,-0.030,갯벌
2801,35,33.865,0.988,3,0.0545,0.0988,0.0547,0.2751,0.3285,0.1112,0.669,-0.472,농경지
2802,19,32.761,1.694,3,0.0337,0.0578,0.0323,0.5435,0.0990,0.0695,0.888,-0.808,산림
2803,72,24.015,12.139,8,0.0844,0.1038,0.1213,0.1748,0.2654,0.1985,0.181,-0.255,시가지
2804,47,12.700,20.984,13,0.0732,0.1252,0.1267,0.2525,0.2275,0.1873,0.332,-0.337,농경지
2805,97,18.494,21.456,13,0.1009,0.1251,0.1749,0.2073,0.2890,0.2658,0.085,-0.247,나지
2806,58,19.291,1.021,1,0.0371,0.0794,0.0747,0.3001,0.2490,0.1362,0.601,-0.582,농경지
2807,103,4.548,4.263,0,0.0750,0.0665,0.0589,0.1038,0.0706,0.0548,0.276,-0.219,갯벌
2808,20,43.377,26.692,16,0.0269,0.0430,0.0305,0.2496,0.1815,0.0632,0.782,-0.706,산림
2809,11,49.620,2.631,4,0.0277,0.0272,0.0281,0.3351,0.1625,0.0760,0.845,-0.850,산림
2810,103,5.123,4.415,0,0.0760,0.0759,0.0754,0.1103,0.0662,0.0642,0.188,-0.185,갯벌
2811,72,23.752,12.801,8,0.1056,0.0803,0.1468,0.1796,0.2897,0.2031,0.101,-0.382,시가지
2812,17,59.331,20.194,17,0.0217,0.0564,0.0321,0.4126,0.1838,0.0590,0.856,-0.759,산림
2813,92,36.079,15.563,9,0.0490,0.0453,0.0363,0.0145,0.0121,0.0018,-0.429,0.515,수계
2814,85,11.869,19.254,7,0.0916,0.0541,0.0144,0.0206,0.0107,0.0105,0.179,0.447,수계
2815,32,41.009,17.686,10,0.0280,0.0427,0.0392,0.3627,0.2284,0.1001,0.805,-0.789,산림
2816,81,49.002,1.755,4,0.0557,0.0442,0.0400,0.0218,0.0152,0.0098,-0.295,0.339,수계
2817,68,25.191,29.078,14,0.1073,0.0818,0.1113,0.2349,0.1981,0.2274,0.357,-0.484,시가지
2818,92,36.196,16.003,9,0.0538,0.0414,0.0351,0.0146,0.0136,0.0069,-0.413,0.480,수계
2819,76,24.692,21.768,14,0.1030,0.1073,0.0770,0.2028,0.2914,0.2481,0.449,-0.308,시가지
2820,101,2.873,37.392,18,0.0932,0.0953,0.0726,0.0842,0.0698,0.0489,0.074,0.061,갯벌
2821,36,22.748,37.803,20,0.0438,0.0738,0.0962,0.3150,0.2133,0.0931,0.532,-0.620,농경지
2822,22,44.490,30.905,22,0.0333,0.0463,0.0301,0.2279,0.1627,0.0553,0.767,-0.662,산림
2823,29,34.169,4.824,3,0.0365,0.0400,0.0313,0.2240,0.1462,0.0960,0.754,-0.697,산림
2824,97,18.677,21.410,13,0.1118,0.1196,0.1461,0.2526,0.2759,0.2939,0.267,-0.357,나지
2825,85,12.427,19.426,7,0.0827,0.0598,0.0278,0.0275,0.0166,0.0060,-0.006,0.371,수계
2826,5,33.936,28.631,15,0.0306,0.0706,0.0204,0.4090,0.1501,0.0815,0.905,-0.706,산림
2827,25,37.975,4.386,3,0.0288,0.0391,0.0248,0.2818,0.1715,0.0598,0.838,-0.756,산림
2828,25,37.350,4.447,3,0.0372,0.0405,0.0223,0.3159,0.1696,0.0688,0.868,-0.773,산림
2829,85,12.000,18.584,7,0.0824,0.0490,0.0307,0.0279,0.0135,0.0065,-0.047,0.275,수계
2830,51,21.911,0.372,2,0.0393,0.0984,0.0736,0.2591,0.1553,0.1391,0.557,-0.449,농경지
2831,28,34.449,17.003,9,0.0344,0.0572,0.0383,0.2670,0.1936,0.0507,0.749,-0.647,산림
2832,36,22.728,37.675,20,0.0550,0.0864,0.0848,0.3262,0.2303,0.0916,0.588,-0.581,농경지
2833,56,40.079,34.493,22,0.0468,0.0900,0.0593,0.2080,0.2752,0.1507,0.556,-0.396,농경지
2834,42,38.152,29.991,15,0.0845,0.1036,0.0597,0.2669,0.2087,0.1138,0.634,-0.441,농경지
2835,22,44.103,30.539,22,0.0278,0.0493,0.0204,0.2396,0.1596,0.0629,0.843,-0.659,산림
2836,48,36.847,24.760,15,0.0839,0.1001,0.1085,0.2634,0.2594,0.2053,0.416,-0.449,농경지
2837,61,33.178,33.302,21,0.0751,0.0854,0.0835,0.2212,0.2585,0.1224,0.452,-0.443,농경지
2838,34,30.872,10.190,9,0.0322,0.0462,0.0253,0.4505,0.1613,0.0961,0.893,-0.814,산림
2839,68,25.771,29.452,14,0.1297,0.0832,0.1071,0.2438,0.1992,0.2665,0.390,-0.491,시가지
2840,47,12.911,20.330,13,0.0897,0.1101,0.1275,0.2541,0.2473,0.1743,0.332,-0.395,농경지
2841,1,32.614,9.176,3,0.0292,0.0522,0.0276,0.3017,0.1102,0.0587,0.833,-0.705,산림
2842,67,26.841,15.407,8,0.0992,0.0917,0.1334,0.2107,0.1727,0.1924,0.225,-0.393,시가지
2843,70,26.260,23.798,14,0.0807,0.1076,0.1256,0.1831,0.2599,0.2835,0.186,-0.260,시가지
2844,97,18.929,21.148,13,0.0971,0.1365,0.1637,0.2243,0.2933,0.2836,0.156,-0.243,나지
2845,83,12.717,4.960,1,0.0824,0.0563,0.0355,0.0168,0.0103,0.0066,-0.358,0.541,수계
2846,47,13.033,20.855,13,0.0934,0.1084,0.1249,0.2876,0.2751,0.1825,0.394,-0.453,농경지
2847,39,17.454,33.658,19,0.0477,0.0783,0.0653,0.2418,0.2116,0.1053,0.575,-0.511,농경지
2848,89,42.147,28.425,16,0.0438,0.0499,0.0221,0.0183,0.0129,0.0010,-0.094,0.463,수계
2849,36,22.942,37.947,20,0.0480,0.0845,0.0846,0.3025,0.2092,0.0794,0.563,-0.563,농경지
2850,5,33.766,28.477,15,0.0251,0.0669,0.0255,0.3302,0.1372,0.0661,0.857,-0.663,산림
2851,22,44.504,30.421,22,0.0259,0.0361,0.0291,0.2602,0.1858,0.0638,0.799,-0.756,산림
2852,96,27.895,30.190,20,0.1309,0.1293,0.1474,0.2026,0.2921,0.2349,0.158,-0.221,나지
2853,102,5.926,3.600,0,0.0781,0.0639,0.0822,0.0850,0.1064,0.0628,0.017,-0.142,갯벌
2854,7,36.401,37.055,21,0.0196,0.0386,0.0337,0.2713,0.1719,0.0640,0.779,-0.751,산림
2855,87,10.681,3.327,1,0.0612,0.0530,0.0195,0.0163,0.0113,0.0122,-0.090,0.530,수계
2856,62,30.567,19.366,9,0.0501,0.0942,0.0461,0.2326,0.2380,0.0977,0.669,-0.423,농경지
2857,64,37.193,20.430,15,0.0385,0.0695,0.0576,0.3427,0.2914,0.1654,0.712,-0.663,농경지
2858,57,32.041,5.637,3,0.0649,0.0822,0.0613,0.3020,0.2229,0.1430,0.663,-0.572,농경지
2859,71,17.432,16.316,7,0.1206,0.1237,0.1365,0.1647,0.1983,0.1844,0.094,-0.142,시가지
2860,6,32.454,21.075,15,0.0233,0.0596,0.0275,0.3326,0.1457,0.0677,0.847,-0.696,산림
2861,5,34.247,28.323,15,0.0294,0.0728,0.0300,0.3931,0.1459,0.0663,0.858,-0.688,산림
2862,7,36.200,37.246,21,0.0140,0.0430,0.0309,0.3296,0.1455,0.0558,0.829,-0.769,산림
2863,69,23.135,24.937,14,0.1008,0.1274,0.1089,0.1998,0.1690,0.2120,0.294,-0.221,시가지
2864,56,41.105,34.971,22,0.0448,0.0912,0.0567,0.2288,0.2723,0.1612,0.602,-0.430,농경지
2865,43,44.748,9.172,4,0.0558,0.0682,0.0453,0.2976,0.2494,0.1451,0.736,-0.627,농경지
2866,91,54.409,2.293,5,0.0519,0.0490,0.0316,0.0117,0.0176,0.0086,-0.461,0.615,수계
2867,64,36.742,20.235,15,0.0274,0.0830,0.0604,0.3156,0.2573,0.1344,0.679,-0.584,농경지
2868,16,56.949,14.819,11,0.0405,0.0595,0.0295,0.3924,0.1542,0.0552,0.860,-0.737,산림
2869,44,18.113,22.403,13,0.0418,0.0667,0.0787,0.2938,0.2494,0.1182,0.578,-0.630,농경지
2870,38,29.002,22.994,14,0.0521,0.0660,0.0380,0.1955,0.2483,0.1771,0.675,-0.495,농경지
2871,8,44.672,2.758,4,0.0268,0.0500,0.0147,0.3825,0.2491,0.0761,0.926,-0.769,산림
2872,6,32.056,20.976,15,0.0226,0.0624,0.0404,0.3288,0.1388,0.0882,0.781,-0.681,산림
2873,7,36.044,36.523,21,0.0224,0.0440,0.0242,0.3256,0.1651,0.0617,0.862,-0.762,산림
2874,39,17.511,33.710,19,0.0517,0.0768,0.0819,0.2621,0.2161,0.1079,0.524,-0.547,농경지
2875,64,36.894,21.003,15,0.0316,0.0641,0.0665,0.2846,0.2856,0.1558,0.621,-0.632,농경지
2876,21,33.495,33.972,21,0.0296,0.0620,0.0317,0.3016,0.1851,0.0830,0.810,-0.659,산림
2877,53,13.543,32.322,19,0.0551,0.0930,0.0627,0.2614,0.2266,0.1193,0.613,-0.475,농경지
2878,62,30.437,18.823,9,0.0544,0.0926,0.0575,0.2643,0.2102,0.0894,0.643,-0.481,농경지
2879,51,22.844,0.199,2,0.0313,0.0933,0.0794,0.2835,0.1826,0.1282,0.562,-0.505,농경지
2880,62,30.008,18.942,9,0.0528,0.0901,0.0473,0.2222,0.2140,0.0963,0.649,-0.423,농경지
2881,103,4.681,4.856,0,0.0650,0.0774,0.0581,0.1093,0.0764,0.0507,0.306,-0.171,갯벌
2882,55,15.579,18.879,7,0.0385,0.0932,0.0573,0.2084,0.1801,0.1177,0.569,-0.382,농경지
2883,77,16.064,24.679,13,0.1302,0.1038,0.1646,0.3021,0.2844,0.3292,0.295,-0.489,시가지
